MonthDate;CompanyCode;CompanyName;Country;Operation;EventType;SearchTerm;DeviceCategory;ContentType;ContentTitle;DownloadLanguage;Theme;Route;UniqueUsers;DateRange
2026-07-01 00:00:00.000;ABPIE;ABP - Ireland;Ireland;Lyra UK & Ireland Ltd;search;n/a;Desktop;-;-;-;;;1;2026-07-01 - 2026-07-31
2026-07-01 00:00:00.000;ABPUK;ABP - UK;United Kingdom;Lyra UK & Ireland Ltd;download;-;Desktop;Infosheet;How to Prioritize When Everything Feels Urgent;en;;Search;1;2026-07-01 - 2026-07-31
2026-07-01 00:00:00.000;ABPUK;ABP - UK;United Kingdom;Lyra UK & Ireland Ltd;download;-;Desktop;Infosheet;How to Prioritize Self-care;en;;Search;1;2026-07-01 - 2026-07-31
2026-07-01 00:00:00.000;ABPUK;ABP - UK;United Kingdom;Lyra UK & Ireland Ltd;search;n/a;Desktop;-;-;-;;;1;2026-07-01 - 2026-07-31
2026-07-01 00:00:00.000;ABPUK;ABP - UK;United Kingdom;Lyra UK & Ireland Ltd;view;-;Desktop;Infosheet;How to Prioritize When Everything Feels Urgent;-;Prioritization,Change;Search;1;2026-07-01 - 2026-07-31
2026-07-01 00:00:00.000;ADV;ABP - Advanced Proteins;United Kingdom;Lyra UK & Ireland Ltd;download;-;Desktop;Infosheet;LGBTQIA+ Affirming Care With Lyra;en;;Search;1;2026-07-01 - 2026-07-31
2026-07-01 00:00:00.000;ADV;ABP - Advanced Proteins;United Kingdom;Lyra UK & Ireland Ltd;download;-;Desktop;Infosheet;How to Prioritize When Everything Feels Urgent;en;;Search;1;2026-07-01 - 2026-07-31
2026-07-01 00:00:00.000;ADV;ABP - Advanced Proteins;United Kingdom;Lyra UK & Ireland Ltd;download;-;Desktop;Infosheet;Staying Grounded During Life Changes;en;;Search;1;2026-07-01 - 2026-07-31
2026-07-01 00:00:00.000;ADV;ABP - Advanced Proteins;United Kingdom;Lyra UK & Ireland Ltd;search;n/a;Desktop;-;-;-;;;1;2026-07-01 - 2026-07-31
2026-07-01 00:00:00.000;ADV;ABP - Advanced Proteins;United Kingdom;Lyra UK & Ireland Ltd;view;-;Desktop;Infosheet;Staying Grounded During Life Changes;-;Mental wellbeing,Grounding,Change;Search;1;2026-07-01 - 2026-07-31
2026-07-01 00:00:00.000;ASAHI;ASAHI;Italy;Lyra Health International Ltd;download;-;Desktop;Infosheet;Lyra Wellbeing Hub Service Poster;en;;Search;1;2026-07-01 - 2026-07-31
2026-07-01 00:00:00.000;ASAHI;ASAHI;Italy;Lyra Health International Ltd;download;-;Desktop;Infosheet;Lyra Wellbeing Hub Guide;en;;Search;1;2026-07-01 - 2026-07-31
2026-07-01 00:00:00.000;ASAHI;ASAHI;Italy;Lyra Health International Ltd;search;lyra;Desktop;-;-;-;;;1;2026-07-01 - 2026-07-31
2026-07-01 00:00:00.000;ASAHI;ASAHI;Italy;Lyra Health International Ltd;search;n/a;Desktop;-;-;-;;;1;2026-07-01 - 2026-07-31
2026-07-01 00:00:00.000;ASAHI;ASAHI;Italy;Lyra Health International Ltd;search;Lyra;Desktop;-;-;-;;;1;2026-07-01 - 2026-07-31
2026-07-01 00:00:00.000;ASAHI;ASAHI;Italy;Lyra Health International Ltd;view;-;Desktop;Infosheet;Lyra Wellbeing Hub Service Poster;-;Lyra Wellbeing Services;Search;1;2026-07-01 - 2026-07-31
2026-07-01 00:00:00.000;AVANTOR;Avantor;Belgium;Lyra Health International Ltd;download;-;Desktop;undefined;How to Prioritize When Everything Feels Urgent;nl;;News;1;2026-07-01 - 2026-07-31
2026-07-01 00:00:00.000;AVANTOR;Avantor;Belgium;Lyra Health International Ltd;download;-;Desktop;undefined;Staying Grounded During Life Changes;nl;;News;1;2026-07-01 - 2026-07-31
2026-07-01 00:00:00.000;BAS001;BASF Holdings;South Africa;Lyra Southern Africa Pty Ltd;download;-;Desktop;Video;Lyra Wellbeing | Your EAP Service | Briefing Video;en;;Search;1;2026-07-01 - 2026-07-31
2026-07-01 00:00:00.000;BAS001;BASF Holdings;South Africa;Lyra Southern Africa Pty Ltd;download;-;Desktop;Video;Lyra Wellbeing Reporting Video;en;;Search;1;2026-07-01 - 2026-07-31
2026-07-01 00:00:00.000;BAS001;BASF Holdings;South Africa;Lyra Southern Africa Pty Ltd;search;n/a;Desktop;-;-;-;;;1;2026-07-01 - 2026-07-31
2026-07-01 00:00:00.000;BDMY;Becton Dickinson;Malta;Lyra Health Malaysia Sdn Bhd;download;-;Desktop;Video;Mental health support: What happens when you contact Lyra?;en;;Search;1;2026-07-01 - 2026-07-31
2026-07-01 00:00:00.000;BDMY;Becton Dickinson;Malta;Lyra Health Malaysia Sdn Bhd;download;-;Desktop;Video;Mental health support: What happens when you contact Lyra?;en;;DirectEntry;1;2026-07-01 - 2026-07-31
2026-07-01 00:00:00.000;BDMY;Becton Dickinson;Malta;Lyra Health Malaysia Sdn Bhd;search;n/a;Desktop;-;-;-;;;1;2026-07-01 - 2026-07-31
2026-07-01 00:00:00.000;BDMY;Becton Dickinson;Malta;Lyra Health Malaysia Sdn Bhd;view;-;Desktop;Infosheet;How to Prioritize Self-care;-;Self-care,Self-compassion;Search;1;2026-07-01 - 2026-07-31
2026-07-01 00:00:00.000;BDMY;Becton Dickinson;Malta;Lyra Health Malaysia Sdn Bhd;view;-;Desktop;Video;Lyra Wellbeing clinical intake tools: How we track your progress;-;Lyra Wellbeing Services;Search;1;2026-07-01 - 2026-07-31
2026-07-01 00:00:00.000;BDMY;Becton Dickinson;Malta;Lyra Health Malaysia Sdn Bhd;view;-;Desktop;Video;Mental health support: What happens when you contact Lyra?;-;;DirectEntry;1;2026-07-01 - 2026-07-31
2026-07-01 00:00:00.000;BEIERSDORF;BEIERSDORF;United Kingdom;Lyra Health International Ltd;download;-;Desktop;Toolkit;Neurodiversity at Work: A Guide for Managers;en;;Search;1;2026-07-01 - 2026-07-31
2026-07-01 00:00:00.000;BEIERSDORF;BEIERSDORF;United Kingdom;Lyra Health International Ltd;download;-;Desktop;Infosheet;Helping an Employee Through Substance Use Issues;en;;Search;1;2026-07-01 - 2026-07-31
2026-07-01 00:00:00.000;BEIERSDORF;BEIERSDORF;United Kingdom;Lyra Health International Ltd;search;parent;Desktop;-;-;-;;;1;2026-07-01 - 2026-07-31
2026-07-01 00:00:00.000;BEIERSDORF;BEIERSDORF;United Kingdom;Lyra Health International Ltd;search;n/a;Desktop;-;-;-;;;1;2026-07-01 - 2026-07-31
2026-07-01 00:00:00.000;BEIERSDORF;BEIERSDORF;United Kingdom;Lyra Health International Ltd;search;neurod;Desktop;-;-;-;;;1;2026-07-01 - 2026-07-31
2026-07-01 00:00:00.000;BEIERSDORF;BEIERSDORF;United Kingdom;Lyra Health International Ltd;search;neurodiver;Desktop;-;-;-;;;1;2026-07-01 - 2026-07-31
2026-07-01 00:00:00.000;BEIERSDORF;BEIERSDORF;United Kingdom;Lyra Health International Ltd;search;neuro;Desktop;-;-;-;;;1;2026-07-01 - 2026-07-31
2026-07-01 00:00:00.000;BENCHMARK;Benchmark Holdings;Belgium;Lyra Health International Ltd;search;n/a;Desktop;-;-;-;;;1;2026-07-01 - 2026-07-31
2026-07-01 00:00:00.000;BENCHMARK;Benchmark Holdings;Belgium;Lyra Health International Ltd;search;summer reset;Desktop;-;-;-;;;1;2026-07-01 - 2026-07-31
2026-07-01 00:00:00.000;BENCHMARK;Benchmark Holdings;Belgium;Lyra Health International Ltd;view;-;Desktop;Video;Box Breathing for Stressful Moments;-;Stress;Search;1;2026-07-01 - 2026-07-31
2026-07-01 00:00:00.000;BENCHMARK;Benchmark Holdings;Belgium;Lyra Health International Ltd;view;-;Desktop;Video;Lyra Wellbeing clinical intake tools: How we track your progress;-;Lyra Wellbeing Services;Search;1;2026-07-01 - 2026-07-31
2026-07-01 00:00:00.000;BENCHMARK;Benchmark Holdings;Belgium;Lyra Health International Ltd;view;-;Desktop;Infosheet;How to Prioritize When Everything Feels Urgent;-;Prioritization,Change;Search;1;2026-07-01 - 2026-07-31
2026-07-01 00:00:00.000;BLACKSWAN;Black Swan;Hungary;Lyra Health Hungary Kft;search;n/a;Desktop;-;-;-;;;1;2026-07-01 - 2026-07-31
2026-07-01 00:00:00.000;BMKGENETICS;Benchmark Genetics;United States;Lyra Health International Ltd;download;-;Desktop;Video;UK Insights map;en;;Search;1;2026-07-01 - 2026-07-31
2026-07-01 00:00:00.000;BMKGENETICS;Benchmark Genetics;United States;Lyra Health International Ltd;download;-;Desktop;Infosheet;Clinical Assessment Tools - Measuring the Impact of Your EAP;en;;Search;1;2026-07-01 - 2026-07-31
2026-07-01 00:00:00.000;BMKGENETICS;Benchmark Genetics;United States;Lyra Health International Ltd;search;n/a;Desktop;-;-;-;;;1;2026-07-01 - 2026-07-31
2026-07-01 00:00:00.000;BRIDGESTONE;Bridgestone;Belgium;Lyra Health International Ltd;download;-;Desktop;Infosheet;How to Prioritize When Everything Feels Urgent;en;;Search;1;2026-07-01 - 2026-07-31
2026-07-01 00:00:00.000;BRIDGESTONE;Bridgestone;Belgium;Lyra Health International Ltd;download;-;Desktop;Infosheet;Staying Grounded During Life Changes;en;;Search;1;2026-07-01 - 2026-07-31
2026-07-01 00:00:00.000;BRIDGESTONE;Bridgestone;Belgium;Lyra Health International Ltd;download;-;Desktop;Video;Box Breathing for Stressful Moments;en;;DirectEntry;1;2026-07-01 - 2026-07-31
2026-07-01 00:00:00.000;BRIDGESTONE;Bridgestone;Belgium;Lyra Health International Ltd;search;n/a;Desktop;-;-;-;;;2;2026-07-01 - 2026-07-31
2026-07-01 00:00:00.000;BRIDGESTONE;Bridgestone;Belgium;Lyra Health International Ltd;search;breathing;Desktop;-;-;-;;;1;2026-07-01 - 2026-07-31
2026-07-01 00:00:00.000;BRIDGESTONE;Bridgestone;Belgium;Lyra Health International Ltd;search;urgent;Desktop;-;-;-;;;1;2026-07-01 - 2026-07-31
2026-07-01 00:00:00.000;BRIDGESTONE;Bridgestone;Belgium;Lyra Health International Ltd;search;box;Desktop;-;-;-;;;1;2026-07-01 - 2026-07-31
2026-07-01 00:00:00.000;BRIDGESTONE;Bridgestone;Belgium;Lyra Health International Ltd;search;grounded;Desktop;-;-;-;;;1;2026-07-01 - 2026-07-31
2026-07-01 00:00:00.000;BRIDGESTONE;Bridgestone;Belgium;Lyra Health International Ltd;view;-;Desktop;Infosheet;How to Prioritize When Everything Feels Urgent;-;Prioritization,Change;Search;1;2026-07-01 - 2026-07-31
2026-07-01 00:00:00.000;BRIDGESTONE;Bridgestone;Belgium;Lyra Health International Ltd;view;-;Desktop;Infosheet;Staying Grounded During Life Changes;-;Mental wellbeing,Grounding,Change;Search;1;2026-07-01 - 2026-07-31
2026-07-01 00:00:00.000;BRIDGESTONE;Bridgestone;Belgium;Lyra Health International Ltd;view;-;Desktop;Video;Box Breathing for Stressful Moments;-;Stress;DirectEntry;1;2026-07-01 - 2026-07-31
2026-07-01 00:00:00.000;CGI;CGI;Canada;Lyra Health International Ltd;search;n/a;Desktop;-;-;-;;;2;2026-07-01 - 2026-07-31
2026-07-01 00:00:00.000;CGI;CGI;Canada;Lyra Health International Ltd;view;-;Desktop;Infosheet;Understanding and Preventing Absenteeism;-;Absenteeism;Search;1;2026-07-01 - 2026-07-31
2026-07-01 00:00:00.000;CGI;CGI;Canada;Lyra Health International Ltd;view;-;Desktop;Infosheet;What Is Your EAP?;-;Mental wellbeing,Healthy workplace,Lyra Wellbeing Services;Search;1;2026-07-01 - 2026-07-31
2026-07-01 00:00:00.000;CGI;CGI;Canada;Lyra Health International Ltd;view;-;Desktop;Infosheet;How to Prioritize When Everything Feels Urgent;-;Prioritization,Change;home;1;2026-07-01 - 2026-07-31
2026-07-01 00:00:00.000;COATS;Coats Group;France;Lyra Health International Ltd;view;-;Desktop;Infosheet;Staying Grounded During Life Changes;-;Mental wellbeing,Grounding,Change;News;1;2026-07-01 - 2026-07-31
2026-07-01 00:00:00.000;CORTEVA;Corteva;Poland;Lyra Health International Ltd;download;-;Desktop;Infosheet;How to Prioritize When Everything Feels Urgent;en;;home;1;2026-07-01 - 2026-07-31
2026-07-01 00:00:00.000;CORTEVA;Corteva;Poland;Lyra Health International Ltd;download;-;Desktop;Infosheet;Staying Grounded During Life Changes;en;;home;1;2026-07-01 - 2026-07-31
2026-07-01 00:00:00.000;CORTEVA;Corteva;Poland;Lyra Health International Ltd;search;n/a;Desktop;-;-;-;;;1;2026-07-01 - 2026-07-31
2026-07-01 00:00:00.000;CORTEVA;Corteva;Poland;Lyra Health International Ltd;view;-;Desktop;Infosheet;How to Prioritize When Everything Feels Urgent;-;Prioritization,Change;home;1;2026-07-01 - 2026-07-31
2026-07-01 00:00:00.000;CORTEVA;Corteva;Poland;Lyra Health International Ltd;view;-;Desktop;Infosheet;Staying Grounded During Life Changes;-;Mental wellbeing,Grounding,Change;home;1;2026-07-01 - 2026-07-31
2026-07-01 00:00:00.000;CTE001;Cirtech Electronics (Pty) Ltd;South Africa;Lyra Southern Africa Pty Ltd;download;-;Desktop;undefined;Staying Grounded During Life Changes;en;;home;1;2026-07-01 - 2026-07-31
2026-07-01 00:00:00.000;CTE001;Cirtech Electronics (Pty) Ltd;South Africa;Lyra Southern Africa Pty Ltd;download;-;Desktop;undefined;How to Prioritize When Everything Feels Urgent;en;;home;1;2026-07-01 - 2026-07-31
2026-07-01 00:00:00.000;CXP001;Cathay Pacific;Canada;Lyra Health International Ltd;download;-;Desktop;Infosheet;5 Ways to Manage Overstimulation;en;;Search;1;2026-07-01 - 2026-07-31
2026-07-01 00:00:00.000;CXP001;Cathay Pacific;Canada;Lyra Health International Ltd;download;-;Desktop;Infosheet;Setting Healthy Boundaries in the Workplace;en;;Search;1;2026-07-01 - 2026-07-31
2026-07-01 00:00:00.000;CXP001;Cathay Pacific;Canada;Lyra Health International Ltd;download;-;Desktop;Infosheet;The 5 Pillars of Resilience;en;;Search;1;2026-07-01 - 2026-07-31
2026-07-01 00:00:00.000;CXP001;Cathay Pacific;Canada;Lyra Health International Ltd;download;-;Desktop;Infosheet;What to Expect When You Contact Lyra;en;;Search;1;2026-07-01 - 2026-07-31
2026-07-01 00:00:00.000;CXP001;Cathay Pacific;Canada;Lyra Health International Ltd;download;-;Desktop;Infosheet;5-Minute Emotional Check-in;en;;Search;1;2026-07-01 - 2026-07-31
2026-07-01 00:00:00.000;CXP001;Cathay Pacific;Canada;Lyra Health International Ltd;download;-;Desktop;Video;Mental health support: What happens when you contact Lyra?;en;;Search;1;2026-07-01 - 2026-07-31
2026-07-01 00:00:00.000;CXP001;Cathay Pacific;Canada;Lyra Health International Ltd;download;-;Desktop;Infosheet;Affirmations to Help Build Self-esteem;en;;Search;1;2026-07-01 - 2026-07-31
2026-07-01 00:00:00.000;CXP001;Cathay Pacific;Canada;Lyra Health International Ltd;download;-;Desktop;Infosheet;6 Home and Office Hacks to Support Healthier Choices;en;;Search;1;2026-07-01 - 2026-07-31
2026-07-01 00:00:00.000;CXP001;Cathay Pacific;Canada;Lyra Health International Ltd;download;-;Desktop;Infosheet;The Benefits of Gardening for Your Mental Wellbeing;en;;Search;1;2026-07-01 - 2026-07-31
2026-07-01 00:00:00.000;CXP001;Cathay Pacific;Canada;Lyra Health International Ltd;search;n/a;Desktop;-;-;-;;;1;2026-07-01 - 2026-07-31
2026-07-01 00:00:00.000;DABWATERHUBTEST;DAB Water (Test Preview);Italy;Lyra Health International Ltd;download;-;Desktop;undefined;How to Prioritize When Everything Feels Urgent;en;;News;1;2026-07-01 - 2026-07-31
2026-07-01 00:00:00.000;DABWATERHUBTEST;DAB Water (Test Preview);Italy;Lyra Health International Ltd;download;-;Desktop;undefined;How to Prioritize When Everything Feels Urgent;it;;News;1;2026-07-01 - 2026-07-31
2026-07-01 00:00:00.000;DATALOGIC;Datalogic;Malta;Lyra Health International Ltd;download;-;Desktop;Infosheet;How Self-compassion Can Help You Achieve Your Fitness Goals;en;;Search;1;2026-07-01 - 2026-07-31
2026-07-01 00:00:00.000;DATALOGIC;Datalogic;Malta;Lyra Health International Ltd;save;-;Desktop;-;-;-;;Search;1;2026-07-01 - 2026-07-31
2026-07-01 00:00:00.000;DATALOGIC;Datalogic;Malta;Lyra Health International Ltd;save;-;Desktop;-;-;-;Personal growth,Healthy workplace;Search;1;2026-07-01 - 2026-07-31
2026-07-01 00:00:00.000;DATALOGIC;Datalogic;Malta;Lyra Health International Ltd;search;n/a;Desktop;-;-;-;;;1;2026-07-01 - 2026-07-31
2026-07-01 00:00:00.000;DATALOGIC;Datalogic;Malta;Lyra Health International Ltd;search;fitness;Desktop;-;-;-;;;1;2026-07-01 - 2026-07-31
2026-07-01 00:00:00.000;DATALOGIC;Datalogic;Malta;Lyra Health International Ltd;search;sports;Desktop;-;-;-;;;1;2026-07-01 - 2026-07-31
2026-07-01 00:00:00.000;DATALOGIC;Datalogic;Malta;Lyra Health International Ltd;search;training;Desktop;-;-;-;;;1;2026-07-01 - 2026-07-31
2026-07-01 00:00:00.000;DATALOGIC;Datalogic;Malta;Lyra Health International Ltd;search;gym;Desktop;-;-;-;;;1;2026-07-01 - 2026-07-31
2026-07-01 00:00:00.000;DATALOGIC;Datalogic;Malta;Lyra Health International Ltd;search;exersice;Desktop;-;-;-;;;1;2026-07-01 - 2026-07-31
2026-07-01 00:00:00.000;DATALOGIC;Datalogic;Malta;Lyra Health International Ltd;search;exerisce;Desktop;-;-;-;;;1;2026-07-01 - 2026-07-31
2026-07-01 00:00:00.000;DATALOGIC;Datalogic;Malta;Lyra Health International Ltd;search;Sleep;Desktop;-;-;-;;;1;2026-07-01 - 2026-07-31
2026-07-01 00:00:00.000;DATALOGIC;Datalogic;Malta;Lyra Health International Ltd;search;exercise;Desktop;-;-;-;;;1;2026-07-01 - 2026-07-31
2026-07-01 00:00:00.000;DATALOGIC;Datalogic;Malta;Lyra Health International Ltd;search;sweat;Desktop;-;-;-;;;1;2026-07-01 - 2026-07-31
2026-07-01 00:00:00.000;DATALOGIC;Datalogic;Malta;Lyra Health International Ltd;search;heat;Desktop;-;-;-;;;1;2026-07-01 - 2026-07-31
2026-07-01 00:00:00.000;DATALOGIC;Datalogic;Malta;Lyra Health International Ltd;search;Protection;Desktop;-;-;-;;;1;2026-07-01 - 2026-07-31
2026-07-01 00:00:00.000;DATALOGIC;Datalogic;Malta;Lyra Health International Ltd;search;Sun;Desktop;-;-;-;;;1;2026-07-01 - 2026-07-31
2026-07-01 00:00:00.000;DATALOGIC;Datalogic;Malta;Lyra Health International Ltd;search;Summer;Desktop;-;-;-;;;1;2026-07-01 - 2026-07-31
2026-07-01 00:00:00.000;DATALOGIC;Datalogic;Malta;Lyra Health International Ltd;search;Health;Desktop;-;-;-;;;1;2026-07-01 - 2026-07-31
2026-07-01 00:00:00.000;DATALOGIC;Datalogic;Malta;Lyra Health International Ltd;search;Sports;Desktop;-;-;-;;;1;2026-07-01 - 2026-07-31
2026-07-01 00:00:00.000;DATALOGIC;Datalogic;Malta;Lyra Health International Ltd;view;-;Desktop;Infosheet;How Self-compassion Can Help You Achieve Your Fitness Goals;-;Physical wellbeing,Self-compassion;Search;1;2026-07-01 - 2026-07-31
2026-07-01 00:00:00.000;DATALOGIC;Datalogic;Malta;Lyra Health International Ltd;view;-;Desktop;Toolkit;Emotional Intelligence Training Toolkit;-;Personal growth,Relationships;Search;1;2026-07-01 - 2026-07-31
2026-07-01 00:00:00.000;DATALOGIC;Datalogic;Malta;Lyra Health International Ltd;view;-;Desktop;Infosheet;30 Day Beat Burnout Challenge;-;Mental wellbeing;Search;1;2026-07-01 - 2026-07-31
2026-07-01 00:00:00.000;DATALOGIC;Datalogic;Malta;Lyra Health International Ltd;view;-;Desktop;Infosheet;6 Ways to Create a Better Sleep Environment;-;Mental wellbeing;Search;1;2026-07-01 - 2026-07-31
2026-07-01 00:00:00.000;DATALOGIC;Datalogic;Malta;Lyra Health International Ltd;view;-;Desktop;Infosheet;10 Ways to Look After Your Mental Health;-;Mental wellbeing;Search;1;2026-07-01 - 2026-07-31
2026-07-01 00:00:00.000;DATALOGIC;Datalogic;Malta;Lyra Health International Ltd;view;-;Desktop;Infosheet;6 Ways to Boost Your Self-esteem;-;Personal growth,Mental wellbeing;Search;1;2026-07-01 - 2026-07-31
2026-07-01 00:00:00.000;DATALOGIC;Datalogic;Malta;Lyra Health International Ltd;view;-;Desktop;Infosheet;What is a Growth Mindset?;-;Personal growth;Search;1;2026-07-01 - 2026-07-31
2026-07-01 00:00:00.000;DATALOGIC;Datalogic;Malta;Lyra Health International Ltd;view;-;Desktop;Infosheet;Beyond the Scale: 4 Non-Weight Metrics for a Truly Healthy Body;-;Physical wellbeing,Sleep,Exercise;Search;1;2026-07-01 - 2026-07-31
2026-07-01 00:00:00.000;DATALOGIC;Datalogic;Malta;Lyra Health International Ltd;view;-;Desktop;Infosheet;6 Home and Office Hacks to Support Healthier Choices;-;Healthy workplace;Search;1;2026-07-01 - 2026-07-31
2026-07-01 00:00:00.000;DATALOGIC;Datalogic;Malta;Lyra Health International Ltd;view;-;Desktop;Infosheet;The Best Types of Exercise for Stress Management;-;Mental wellbeing,Physical wellbeing,Exercise;Search;1;2026-07-01 - 2026-07-31
2026-07-01 00:00:00.000;DATALOGIC;Datalogic;Malta;Lyra Health International Ltd;view;-;Desktop;Infosheet;Places Where Sun Protection is Vital;-;Physical wellbeing,Sun,Cancer;Search;1;2026-07-01 - 2026-07-31
2026-07-01 00:00:00.000;DATALOGIC;Datalogic;Malta;Lyra Health International Ltd;view;-;Desktop;Infosheet;How to Keep Safe in the Sun;-;Physical wellbeing;Search;1;2026-07-01 - 2026-07-31
2026-07-01 00:00:00.000;DATALOGIC;Datalogic;Malta;Lyra Health International Ltd;view;-;Desktop;Infosheet;Eye Health and Sun Concern;-;Physical wellbeing,Sun;Search;1;2026-07-01 - 2026-07-31
2026-07-01 00:00:00.000;DATALOGIC;Datalogic;Malta;Lyra Health International Ltd;view;-;Desktop;Infosheet;8 Signs of a Healthy Body and Mind;-;Physical wellbeing,Mental wellbeing,Nutrition,Stress,Men's health;Search;1;2026-07-01 - 2026-07-31
2026-07-01 00:00:00.000;DATALOGIC;Datalogic;Malta;Lyra Health International Ltd;view;-;Desktop;Infosheet;Caring for Your Musculoskeletal Health at Work;-;Physical wellbeing;Search;1;2026-07-01 - 2026-07-31
2026-07-01 00:00:00.000;DATALOGIC;Datalogic;Malta;Lyra Health International Ltd;view;-;Desktop;Infosheet;How to Prioritize Your Bone Health;-;Physical wellbeing;Search;1;2026-07-01 - 2026-07-31
2026-07-01 00:00:00.000;DATALOGIC;Datalogic;Malta;Lyra Health International Ltd;view;-;Desktop;Infosheet;Signs Someone May Be Struggling With Their Mental Health;-;Mental wellbeing,Relationships;Search;1;2026-07-01 - 2026-07-31
2026-07-01 00:00:00.000;DATALOGIC;Datalogic;Malta;Lyra Health International Ltd;view;-;Desktop;Infosheet;Creating A Wellbeing Routine Around Work Shifts;-;Healthy workplace,Mental wellbeing;Search;1;2026-07-01 - 2026-07-31
2026-07-01 00:00:00.000;DATALOGIC;Datalogic;Malta;Lyra Health International Ltd;view;-;Desktop;Infosheet;Embracing the 'Fear of Missing Out' (FOMO);-;Mental wellbeing,Relationships;Search;1;2026-07-01 - 2026-07-31
2026-07-01 00:00:00.000;DATALOGIC;Datalogic;Malta;Lyra Health International Ltd;view;-;Desktop;Infosheet;How to Maintain Your Identity in the Face of Peer Pressure;-;Relationships;Search;1;2026-07-01 - 2026-07-31
2026-07-01 00:00:00.000;DATALOGIC;Datalogic;Malta;Lyra Health International Ltd;view;-;Desktop;Toolkit;Toolkit for Reducing Substance Use;-;Healthy workplace,Substance use,Substance;Search;1;2026-07-01 - 2026-07-31
2026-07-01 00:00:00.000;DATALOGIC;Datalogic;Malta;Lyra Health International Ltd;view;-;Desktop;Video;Mental health support: What happens when you contact Lyra?;-;;Search;1;2026-07-01 - 2026-07-31
2026-07-01 00:00:00.000;DATALOGIC;Datalogic;Malta;Lyra Health International Ltd;view;-;Desktop;Infosheet;How to Prioritize When Everything Feels Urgent;-;Prioritization,Change;Search;1;2026-07-01 - 2026-07-31
2026-07-01 00:00:00.000;DATALOGIC;Datalogic;Malta;Lyra Health International Ltd;view;-;Desktop;Infosheet;10 Affirmations for Confidence and Self-esteem;-;Mental wellbeing,Personal growth,Affirmation;Search;1;2026-07-01 - 2026-07-31
2026-07-01 00:00:00.000;DATALOGIC;Datalogic;Malta;Lyra Health International Ltd;view;-;Desktop;Toolkit;Goal-planning Toolkit;-;Personal growth,Motivation;Search;1;2026-07-01 - 2026-07-31
2026-07-01 00:00:00.000;DATALOGIC;Datalogic;Malta;Lyra Health International Ltd;view;-;Desktop;Infosheet;14 Days to Better Interpersonal Skills;-;Personal growth,Healthy workplace;Search;1;2026-07-01 - 2026-07-31
2026-07-01 00:00:00.000;DATALOGIC;Datalogic;Malta;Lyra Health International Ltd;view;-;Desktop;Infosheet;How to Talk to Loved Ones About Your Mental Health Needs;-;Mental wellbeing;Search;1;2026-07-01 - 2026-07-31
2026-07-01 00:00:00.000;DLA001;DLA Piper;United Kingdom;Lyra Health International Ltd;download;-;Desktop;Infosheet;How to Take Care of Yourself During Perimenopause;en;;Search;1;2026-07-01 - 2026-07-31
2026-07-01 00:00:00.000;DLA001;DLA Piper;United Kingdom;Lyra Health International Ltd;download;-;Desktop;Infosheet;Menopause Myths and Misconceptions;en;;Search;1;2026-07-01 - 2026-07-31
2026-07-01 00:00:00.000;DLA001;DLA Piper;United Kingdom;Lyra Health International Ltd;download;-;Desktop;Infosheet;Embracing Your Body During Menopause;en;;Search;1;2026-07-01 - 2026-07-31
2026-07-01 00:00:00.000;DLA001;DLA Piper;United Kingdom;Lyra Health International Ltd;download;-;Desktop;Infosheet;Lyra Wellbeing Hub Guide;en;;Search;1;2026-07-01 - 2026-07-31
2026-07-01 00:00:00.000;DLA001;DLA Piper;United Kingdom;Lyra Health International Ltd;download;-;Desktop;Infosheet;FAQs: Your Personal Hub Account;en;;Search;1;2026-07-01 - 2026-07-31
2026-07-01 00:00:00.000;DLA001;DLA Piper;United Kingdom;Lyra Health International Ltd;download;-;Desktop;Infosheet;Signs of Perimenopause and Menopause;en;;Search;1;2026-07-01 - 2026-07-31
2026-07-01 00:00:00.000;DLA001;DLA Piper;United Kingdom;Lyra Health International Ltd;download;-;Desktop;Video;Lyra Wellbeing EAP Briefing Video;en;;Search;1;2026-07-01 - 2026-07-31
2026-07-01 00:00:00.000;DLA001;DLA Piper;United Kingdom;Lyra Health International Ltd;download;-;Desktop;Infosheet;Hub App Promo Leaflet;en;;Search;1;2026-07-01 - 2026-07-31
2026-07-01 00:00:00.000;DLA001;DLA Piper;United Kingdom;Lyra Health International Ltd;download;-;Desktop;Infosheet;What to Expect When You Contact Lyra;en;;Search;1;2026-07-01 - 2026-07-31
2026-07-01 00:00:00.000;DLA001;DLA Piper;United Kingdom;Lyra Health International Ltd;download;-;Desktop;Infosheet;What to Do if Your Child is Being Cyberbullied;en;;Search;1;2026-07-01 - 2026-07-31
2026-07-01 00:00:00.000;DLA001;DLA Piper;United Kingdom;Lyra Health International Ltd;download;-;Desktop;Infosheet;How to Support Your Children During a Crisis;en;;Search;1;2026-07-01 - 2026-07-31
2026-07-01 00:00:00.000;DLA001;DLA Piper;United Kingdom;Lyra Health International Ltd;download;-;Desktop;Infosheet;How to Talk to Your Children About a Healthy Relationship With Technology;en;;Search;1;2026-07-01 - 2026-07-31
2026-07-01 00:00:00.000;DLA001;DLA Piper;United Kingdom;Lyra Health International Ltd;download;-;Desktop;Infosheet;Teaching Children and Teenagers About Saving;en;;Search;1;2026-07-01 - 2026-07-31
2026-07-01 00:00:00.000;DLA001;DLA Piper;United Kingdom;Lyra Health International Ltd;download;-;Desktop;Infosheet;How to Prioritise Your Mental Health as a New Father;en;;Search;1;2026-07-01 - 2026-07-31
2026-07-01 00:00:00.000;DLA001;DLA Piper;United Kingdom;Lyra Health International Ltd;download;-;Desktop;Infosheet;Flashcards for Back-to-School Nerves and Anxious Moments;en;;Search;1;2026-07-01 - 2026-07-31
2026-07-01 00:00:00.000;DLA001;DLA Piper;United Kingdom;Lyra Health International Ltd;download;-;Desktop;Infosheet;How to Find a Balance Between Work and Parenting;en;;Search;1;2026-07-01 - 2026-07-31
2026-07-01 00:00:00.000;DLA001;DLA Piper;United Kingdom;Lyra Health International Ltd;search;caring;Desktop;-;-;-;;;1;2026-07-01 - 2026-07-31
2026-07-01 00:00:00.000;DLA001;DLA Piper;United Kingdom;Lyra Health International Ltd;search;carer;Desktop;-;-;-;;;1;2026-07-01 - 2026-07-31
2026-07-01 00:00:00.000;DLA001;DLA Piper;United Kingdom;Lyra Health International Ltd;search;menopause;Desktop;-;-;-;;;1;2026-07-01 - 2026-07-31
2026-07-01 00:00:00.000;DLA001;DLA Piper;United Kingdom;Lyra Health International Ltd;search;lyra;Desktop;-;-;-;;;1;2026-07-01 - 2026-07-31
2026-07-01 00:00:00.000;DLA001;DLA Piper;United Kingdom;Lyra Health International Ltd;search;what is;Desktop;-;-;-;;;1;2026-07-01 - 2026-07-31
2026-07-01 00:00:00.000;DLA001;DLA Piper;United Kingdom;Lyra Health International Ltd;search;children;Desktop;-;-;-;;;1;2026-07-01 - 2026-07-31
2026-07-01 00:00:00.000;DLA001;DLA Piper;United Kingdom;Lyra Health International Ltd;search;dependants;Desktop;-;-;-;;;1;2026-07-01 - 2026-07-31
2026-07-01 00:00:00.000;DLA001;DLA Piper;United Kingdom;Lyra Health International Ltd;search;dependents;Desktop;-;-;-;;;1;2026-07-01 - 2026-07-31
2026-07-01 00:00:00.000;DLA001;DLA Piper;United Kingdom;Lyra Health International Ltd;search;n/a;Desktop;-;-;-;;;1;2026-07-01 - 2026-07-31
2026-07-01 00:00:00.000;DLA001;DLA Piper;United Kingdom;Lyra Health International Ltd;search;caring for someone;Desktop;-;-;-;;;1;2026-07-01 - 2026-07-31
2026-07-01 00:00:00.000;DLA001;DLA Piper;United Kingdom;Lyra Health International Ltd;search;parent;Desktop;-;-;-;;;1;2026-07-01 - 2026-07-31
2026-07-01 00:00:00.000;DOMO;DOMO;United States;Lyra Health International Ltd;save;-;Desktop;-;-;-;Lyra Wellbeing Services;Search;1;2026-07-01 - 2026-07-31
2026-07-01 00:00:00.000;DOMO;DOMO;United States;Lyra Health International Ltd;search;services;Desktop;-;-;-;;;1;2026-07-01 - 2026-07-31
2026-07-01 00:00:00.000;DOMO;DOMO;United States;Lyra Health International Ltd;search;poster;Desktop;-;-;-;;;1;2026-07-01 - 2026-07-31
2026-07-01 00:00:00.000;DOMO;DOMO;United States;Lyra Health International Ltd;search;counseling;Desktop;-;-;-;;;1;2026-07-01 - 2026-07-31
2026-07-01 00:00:00.000;DOMO;DOMO;United States;Lyra Health International Ltd;search;n/a;Desktop;-;-;-;;;1;2026-07-01 - 2026-07-31
2026-07-01 00:00:00.000;DOMO;DOMO;United States;Lyra Health International Ltd;search;services offered;Desktop;-;-;-;;;1;2026-07-01 - 2026-07-31
2026-07-01 00:00:00.000;DOMO;DOMO;United States;Lyra Health International Ltd;search;lyra;Desktop;-;-;-;;;1;2026-07-01 - 2026-07-31
2026-07-01 00:00:00.000;DOMO;DOMO;United States;Lyra Health International Ltd;search;employee assistance program;Desktop;-;-;-;;;1;2026-07-01 - 2026-07-31
2026-07-01 00:00:00.000;DOMO;DOMO;United States;Lyra Health International Ltd;search;Lyra Wellbeing EAP;Desktop;-;-;-;;;1;2026-07-01 - 2026-07-31
2026-07-01 00:00:00.000;DOMO;DOMO;United States;Lyra Health International Ltd;view;-;Desktop;Infosheet;Lyra Wellbeing Hub Guide;-;Lyra Wellbeing Services;Search;1;2026-07-01 - 2026-07-31
2026-07-01 00:00:00.000;DOMO;DOMO;United States;Lyra Health International Ltd;view;-;Desktop;Infosheet;Hub App Promo Leaflet;-;Mental wellbeing,Healthy workplace,Lyra Wellbeing Services,Physical wellbeing;Search;1;2026-07-01 - 2026-07-31
2026-07-01 00:00:00.000;DOMO;DOMO;United States;Lyra Health International Ltd;view;-;Desktop;Infosheet;What to Expect When You Contact Lyra;-;Lyra Wellbeing Services;Search;1;2026-07-01 - 2026-07-31
2026-07-01 00:00:00.000;DOMO;DOMO;United States;Lyra Health International Ltd;view;-;Desktop;Infosheet;Lyra Wellbeing Hub Service Poster;-;Lyra Wellbeing Services;Search;1;2026-07-01 - 2026-07-31
2026-07-01 00:00:00.000;DOMO;DOMO;United States;Lyra Health International Ltd;view;-;Desktop;Infosheet;March 2026 Webinar Invitation: Navigating the Emotional Terrain of Fertility Struggles;-;Lyra Wellbeing Services;Search;1;2026-07-01 - 2026-07-31
2026-07-01 00:00:00.000;DOMO;DOMO;United States;Lyra Health International Ltd;view;-;Desktop;Toolkit;Lyra Wellbeing Employee Onboarding Toolkit 2026;-;Lyra Wellbeing Services;Search;1;2026-07-01 - 2026-07-31
2026-07-01 00:00:00.000;DOMO;DOMO;United States;Lyra Health International Ltd;view;-;Desktop;Infosheet;How to Use Mercury 2.0;-;Lyra Wellbeing Services;Search;1;2026-07-01 - 2026-07-31
2026-07-01 00:00:00.000;DOMO;DOMO;United States;Lyra Health International Ltd;view;-;Desktop;Infosheet;Lyra Wellbeing Content Catalogue for International Events;-;Mental wellbeing,Healthy workplace,Physical wellbeing,Personal growth,Nutrition,Financial wellbeing,Diversity and inclusivity,Stress,Relationships,Work-life balance,Depression ,Exercise,Anxiety;Search;1;2026-07-01 - 2026-07-31
2026-07-01 00:00:00.000;EASYJETHUB22;easyJet;United Kingdom;Lyra Health International Ltd;download;-;Desktop;Infosheet;How to Cope With Change;en;;Search;1;2026-07-01 - 2026-07-31
2026-07-01 00:00:00.000;EASYJETHUB22;easyJet;United Kingdom;Lyra Health International Ltd;download;-;Desktop;Infosheet;Coping with Anxiety in the Workplace;en;;Search;1;2026-07-01 - 2026-07-31
2026-07-01 00:00:00.000;EASYJETHUB22;easyJet;United Kingdom;Lyra Health International Ltd;download;-;Desktop;Infosheet;Practical Ways to Integrate AI Into Your Workflow;en;;Search;1;2026-07-01 - 2026-07-31
2026-07-01 00:00:00.000;EASYJETHUB22;easyJet;United Kingdom;Lyra Health International Ltd;download;-;Desktop;Infosheet;Creating A Wellbeing Routine Around Work Shifts;en;;Search;1;2026-07-01 - 2026-07-31
2026-07-01 00:00:00.000;EASYJETHUB22;easyJet;United Kingdom;Lyra Health International Ltd;download;-;Desktop;Infosheet;Staying Grounded During Life Changes;en;;News;1;2026-07-01 - 2026-07-31
2026-07-01 00:00:00.000;EASYJETHUB22;easyJet;United Kingdom;Lyra Health International Ltd;search;work;Desktop;-;-;-;;;1;2026-07-01 - 2026-07-31
2026-07-01 00:00:00.000;EASYJETHUB22;easyJet;United Kingdom;Lyra Health International Ltd;search;change;Desktop;-;-;-;;;1;2026-07-01 - 2026-07-31
2026-07-01 00:00:00.000;EASYJETHUB22;easyJet;United Kingdom;Lyra Health International Ltd;search;n/a;Desktop;-;-;-;;;1;2026-07-01 - 2026-07-31
2026-07-01 00:00:00.000;EASYJETHUB22;easyJet;United Kingdom;Lyra Health International Ltd;view;-;Desktop;Infosheet;Staying Grounded During Life Changes;-;Mental wellbeing,Grounding,Change;News;1;2026-07-01 - 2026-07-31
2026-07-01 00:00:00.000;EDWARDSLIFESCIENCES;Edwards Lifesciences;Czechia;Lyra Health International Ltd;search;n/a;Desktop;-;-;-;;;1;2026-07-01 - 2026-07-31
2026-07-01 00:00:00.000;EIPC;EIPC;United Kingdom;Lyra Health International Ltd;download;-;Desktop;Infosheet;How to Have Open Conversations About Money;en;;Search;1;2026-07-01 - 2026-07-31
2026-07-01 00:00:00.000;EIPC;EIPC;United Kingdom;Lyra Health International Ltd;download;-;Desktop;Infosheet;Understanding the Link Between Finances and Wellness;en;;Search;1;2026-07-01 - 2026-07-31
2026-07-01 00:00:00.000;EIPC;EIPC;United Kingdom;Lyra Health International Ltd;download;-;Desktop;Infosheet;How to Build Financial Habits That Stick;en;;Search;1;2026-07-01 - 2026-07-31
2026-07-01 00:00:00.000;EIPC;EIPC;United Kingdom;Lyra Health International Ltd;download;-;Desktop;Infosheet;Hub Financial Calculator Poster;en;;Search;1;2026-07-01 - 2026-07-31
2026-07-01 00:00:00.000;EIPC;EIPC;United Kingdom;Lyra Health International Ltd;download;-;Desktop;Infosheet;Lyra Wellbeing Frequently Asked Questions;en;;Search;1;2026-07-01 - 2026-07-31
2026-07-01 00:00:00.000;EIPC;EIPC;United Kingdom;Lyra Health International Ltd;download;-;Desktop;Poster;Use Case Poster - Financial Problems;vi;;Search;1;2026-07-01 - 2026-07-31
2026-07-01 00:00:00.000;EIPC;EIPC;United Kingdom;Lyra Health International Ltd;download;-;Desktop;Poster;Use Case Poster - Financial Problems;tr;;Search;1;2026-07-01 - 2026-07-31
2026-07-01 00:00:00.000;EIPC;EIPC;United Kingdom;Lyra Health International Ltd;download;-;Desktop;Poster;Use Case Poster - Financial Problems;es_la;;Search;1;2026-07-01 - 2026-07-31
2026-07-01 00:00:00.000;EIPC;EIPC;United Kingdom;Lyra Health International Ltd;download;-;Desktop;Poster;Use Case Poster - Financial Problems;es;;Search;1;2026-07-01 - 2026-07-31
2026-07-01 00:00:00.000;EIPC;EIPC;United Kingdom;Lyra Health International Ltd;download;-;Desktop;Poster;Use Case Poster - Financial Problems;ru;;Search;1;2026-07-01 - 2026-07-31
2026-07-01 00:00:00.000;EIPC;EIPC;United Kingdom;Lyra Health International Ltd;download;-;Desktop;Poster;Use Case Poster - Financial Problems;pt_br;;Search;1;2026-07-01 - 2026-07-31
2026-07-01 00:00:00.000;EIPC;EIPC;United Kingdom;Lyra Health International Ltd;download;-;Desktop;Poster;Use Case Poster - Financial Problems;pt;;Search;1;2026-07-01 - 2026-07-31
2026-07-01 00:00:00.000;EIPC;EIPC;United Kingdom;Lyra Health International Ltd;download;-;Desktop;Poster;Use Case Poster - Financial Problems;pl;;Search;1;2026-07-01 - 2026-07-31
2026-07-01 00:00:00.000;EIPC;EIPC;United Kingdom;Lyra Health International Ltd;download;-;Desktop;Poster;Use Case Poster - Financial Problems;ms;;Search;1;2026-07-01 - 2026-07-31
2026-07-01 00:00:00.000;EIPC;EIPC;United Kingdom;Lyra Health International Ltd;download;-;Desktop;Poster;Use Case Poster - Financial Problems;ja;;Search;1;2026-07-01 - 2026-07-31
2026-07-01 00:00:00.000;EIPC;EIPC;United Kingdom;Lyra Health International Ltd;download;-;Desktop;Poster;Use Case Poster - Financial Problems;it;;Search;1;2026-07-01 - 2026-07-31
2026-07-01 00:00:00.000;EIPC;EIPC;United Kingdom;Lyra Health International Ltd;download;-;Desktop;Poster;Use Case Poster - Financial Problems;hu;;Search;1;2026-07-01 - 2026-07-31
2026-07-01 00:00:00.000;EIPC;EIPC;United Kingdom;Lyra Health International Ltd;download;-;Desktop;Poster;Use Case Poster - Financial Problems;de;;Search;1;2026-07-01 - 2026-07-31
2026-07-01 00:00:00.000;EIPC;EIPC;United Kingdom;Lyra Health International Ltd;download;-;Desktop;Poster;Use Case Poster - Financial Problems;fr;;Search;1;2026-07-01 - 2026-07-31
2026-07-01 00:00:00.000;EIPC;EIPC;United Kingdom;Lyra Health International Ltd;download;-;Desktop;Poster;Use Case Poster - Financial Problems;nl;;Search;1;2026-07-01 - 2026-07-31
2026-07-01 00:00:00.000;EIPC;EIPC;United Kingdom;Lyra Health International Ltd;download;-;Desktop;Poster;Use Case Poster - Financial Problems;cs;;Search;1;2026-07-01 - 2026-07-31
2026-07-01 00:00:00.000;EIPC;EIPC;United Kingdom;Lyra Health International Ltd;download;-;Desktop;Poster;Use Case Poster - Financial Problems;zh_hant;;Search;1;2026-07-01 - 2026-07-31
2026-07-01 00:00:00.000;EIPC;EIPC;United Kingdom;Lyra Health International Ltd;download;-;Desktop;Poster;Use Case Poster - Financial Problems;zh;;Search;1;2026-07-01 - 2026-07-31
2026-07-01 00:00:00.000;EIPC;EIPC;United Kingdom;Lyra Health International Ltd;download;-;Desktop;Poster;Use Case Poster - Financial Problems;bg;;Search;1;2026-07-01 - 2026-07-31
2026-07-01 00:00:00.000;EIPC;EIPC;United Kingdom;Lyra Health International Ltd;download;-;Desktop;Poster;Use Case Poster - Financial Problems;ar;;Search;1;2026-07-01 - 2026-07-31
2026-07-01 00:00:00.000;EIPC;EIPC;United Kingdom;Lyra Health International Ltd;download;-;Desktop;Poster;Use Case Poster - Financial Problems;en;;Search;1;2026-07-01 - 2026-07-31
2026-07-01 00:00:00.000;EIPC;EIPC;United Kingdom;Lyra Health International Ltd;download;-;Desktop;Infosheet;Supporting a Team Member Who is Struggling Financially;vi;;Search;1;2026-07-01 - 2026-07-31
2026-07-01 00:00:00.000;EIPC;EIPC;United Kingdom;Lyra Health International Ltd;download;-;Desktop;Infosheet;Supporting a Team Member Who is Struggling Financially;tr;;Search;1;2026-07-01 - 2026-07-31
2026-07-01 00:00:00.000;EIPC;EIPC;United Kingdom;Lyra Health International Ltd;download;-;Desktop;Infosheet;Supporting a Team Member Who is Struggling Financially;es_la;;Search;1;2026-07-01 - 2026-07-31
2026-07-01 00:00:00.000;EIPC;EIPC;United Kingdom;Lyra Health International Ltd;download;-;Desktop;Infosheet;Supporting a Team Member Who is Struggling Financially;es;;Search;1;2026-07-01 - 2026-07-31
2026-07-01 00:00:00.000;EIPC;EIPC;United Kingdom;Lyra Health International Ltd;download;-;Desktop;Infosheet;Supporting a Team Member Who is Struggling Financially;ru;;Search;1;2026-07-01 - 2026-07-31
2026-07-01 00:00:00.000;EIPC;EIPC;United Kingdom;Lyra Health International Ltd;download;-;Desktop;Infosheet;Supporting a Team Member Who is Struggling Financially;pt_br;;Search;1;2026-07-01 - 2026-07-31
2026-07-01 00:00:00.000;EIPC;EIPC;United Kingdom;Lyra Health International Ltd;download;-;Desktop;Infosheet;Supporting a Team Member Who is Struggling Financially;pt;;Search;1;2026-07-01 - 2026-07-31
2026-07-01 00:00:00.000;EIPC;EIPC;United Kingdom;Lyra Health International Ltd;download;-;Desktop;Infosheet;Supporting a Team Member Who is Struggling Financially;pl;;Search;1;2026-07-01 - 2026-07-31
2026-07-01 00:00:00.000;EIPC;EIPC;United Kingdom;Lyra Health International Ltd;download;-;Desktop;Infosheet;Supporting a Team Member Who is Struggling Financially;ms;;Search;1;2026-07-01 - 2026-07-31
2026-07-01 00:00:00.000;EIPC;EIPC;United Kingdom;Lyra Health International Ltd;download;-;Desktop;Infosheet;Supporting a Team Member Who is Struggling Financially;ja;;Search;1;2026-07-01 - 2026-07-31
2026-07-01 00:00:00.000;EIPC;EIPC;United Kingdom;Lyra Health International Ltd;download;-;Desktop;Infosheet;Supporting a Team Member Who is Struggling Financially;it;;Search;1;2026-07-01 - 2026-07-31
2026-07-01 00:00:00.000;EIPC;EIPC;United Kingdom;Lyra Health International Ltd;download;-;Desktop;Infosheet;Supporting a Team Member Who is Struggling Financially;hu;;Search;1;2026-07-01 - 2026-07-31
2026-07-01 00:00:00.000;EIPC;EIPC;United Kingdom;Lyra Health International Ltd;download;-;Desktop;Infosheet;Supporting a Team Member Who is Struggling Financially;de;;Search;1;2026-07-01 - 2026-07-31
2026-07-01 00:00:00.000;EIPC;EIPC;United Kingdom;Lyra Health International Ltd;download;-;Desktop;Infosheet;Supporting a Team Member Who is Struggling Financially;fr;;Search;1;2026-07-01 - 2026-07-31
2026-07-01 00:00:00.000;EIPC;EIPC;United Kingdom;Lyra Health International Ltd;download;-;Desktop;Infosheet;Supporting a Team Member Who is Struggling Financially;nl;;Search;1;2026-07-01 - 2026-07-31
2026-07-01 00:00:00.000;EIPC;EIPC;United Kingdom;Lyra Health International Ltd;download;-;Desktop;Infosheet;Supporting a Team Member Who is Struggling Financially;cs;;Search;1;2026-07-01 - 2026-07-31
2026-07-01 00:00:00.000;EIPC;EIPC;United Kingdom;Lyra Health International Ltd;download;-;Desktop;Infosheet;Supporting a Team Member Who is Struggling Financially;zh_hant;;Search;1;2026-07-01 - 2026-07-31
2026-07-01 00:00:00.000;EIPC;EIPC;United Kingdom;Lyra Health International Ltd;download;-;Desktop;Infosheet;Supporting a Team Member Who is Struggling Financially;zh;;Search;1;2026-07-01 - 2026-07-31
2026-07-01 00:00:00.000;EIPC;EIPC;United Kingdom;Lyra Health International Ltd;download;-;Desktop;Infosheet;Supporting a Team Member Who is Struggling Financially;bg;;Search;1;2026-07-01 - 2026-07-31
2026-07-01 00:00:00.000;EIPC;EIPC;United Kingdom;Lyra Health International Ltd;download;-;Desktop;Infosheet;Supporting a Team Member Who is Struggling Financially;ar;;Search;1;2026-07-01 - 2026-07-31
2026-07-01 00:00:00.000;EIPC;EIPC;United Kingdom;Lyra Health International Ltd;download;-;Desktop;Infosheet;Supporting a Team Member Who is Struggling Financially;en;;Search;1;2026-07-01 - 2026-07-31
2026-07-01 00:00:00.000;EIPC;EIPC;United Kingdom;Lyra Health International Ltd;search;redundancy;Desktop;-;-;-;;;1;2026-07-01 - 2026-07-31
2026-07-01 00:00:00.000;EIPC;EIPC;United Kingdom;Lyra Health International Ltd;search;n/a;Desktop;-;-;-;;;2;2026-07-01 - 2026-07-31
2026-07-01 00:00:00.000;EIPC;EIPC;United Kingdom;Lyra Health International Ltd;search;finance;Desktop;-;-;-;;;1;2026-07-01 - 2026-07-31
2026-07-01 00:00:00.000;EIPC;EIPC;United Kingdom;Lyra Health International Ltd;search;eap;Desktop;-;-;-;;;1;2026-07-01 - 2026-07-31
2026-07-01 00:00:00.000;EIPC;EIPC;United Kingdom;Lyra Health International Ltd;search;financial;Desktop;-;-;-;;;1;2026-07-01 - 2026-07-31
2026-07-01 00:00:00.000;EIPC;EIPC;United Kingdom;Lyra Health International Ltd;view;-;Desktop;Infosheet;How to Keep Your Team Motivated After Lay-offs;-;Healthy workplace,Layoffs,Redundancy,Motivation;Search;1;2026-07-01 - 2026-07-31
2026-07-01 00:00:00.000;EIPC;EIPC;United Kingdom;Lyra Health International Ltd;view;-;Desktop;Video;Introducing Mercury | Access support materials for Lyra Wellbeing EAP;-;Mental wellbeing,Healthy workplace,Lyra Wellbeing Services;Search;1;2026-07-01 - 2026-07-31
2026-07-01 00:00:00.000;EIPC;EIPC;United Kingdom;Lyra Health International Ltd;view;-;Desktop;Toolkit;Financial Wellbeing Toolkit;-;Financial wellbeing;Search;1;2026-07-01 - 2026-07-31
2026-07-01 00:00:00.000;EIPC;EIPC;United Kingdom;Lyra Health International Ltd;view;-;Desktop;Infosheet;How to Build Financial Habits That Stick;-;Financial wellbeing;Search;1;2026-07-01 - 2026-07-31
2026-07-01 00:00:00.000;EIPC;EIPC;United Kingdom;Lyra Health International Ltd;view;-;Desktop;Infosheet;5 Ways to Start Your New Year Right;-;Mental wellbeing,Personal growth,Financial wellbeing,Stress,Physical wellbeing;Search;1;2026-07-01 - 2026-07-31
2026-07-01 00:00:00.000;EIPC;EIPC;United Kingdom;Lyra Health International Ltd;view;-;Desktop;Infosheet;How to manage money worries over the holidays;-;Financial wellbeing,Holiday season;Search;1;2026-07-01 - 2026-07-31
2026-07-01 00:00:00.000;EIPC;EIPC;United Kingdom;Lyra Health International Ltd;view;-;Desktop;Infosheet;How to Have Open Conversations About Money;-;Mental wellbeing,Financial wellbeing;Search;1;2026-07-01 - 2026-07-31
2026-07-01 00:00:00.000;EIPC;EIPC;United Kingdom;Lyra Health International Ltd;view;-;Desktop;Infosheet;Understanding the Link Between Finances and Wellness;-;Financial wellbeing;Search;1;2026-07-01 - 2026-07-31
2026-07-01 00:00:00.000;EIPC;EIPC;United Kingdom;Lyra Health International Ltd;view;-;Desktop;Video;6 Ways to Improve Your Financial Wellbeing;-;Financial wellbeing;Search;1;2026-07-01 - 2026-07-31
2026-07-01 00:00:00.000;EIPC;EIPC;United Kingdom;Lyra Health International Ltd;view;-;Desktop;Infosheet;How to Set Healthy Goals in Your Personal Life;-;Mental wellbeing,Physical wellbeing,Nutrition,Financial wellbeing,Stress,Work-life balance;Search;1;2026-07-01 - 2026-07-31
2026-07-01 00:00:00.000;EIPC;EIPC;United Kingdom;Lyra Health International Ltd;view;-;Desktop;Infosheet;How to Cope With Debt Stress;-;Financial wellbeing;Search;1;2026-07-01 - 2026-07-31
2026-07-01 00:00:00.000;EIPC;EIPC;United Kingdom;Lyra Health International Ltd;view;-;Desktop;Infosheet;30 Days of Financial Wellbeing;-;Financial wellbeing;Search;1;2026-07-01 - 2026-07-31
2026-07-01 00:00:00.000;EIPC;EIPC;United Kingdom;Lyra Health International Ltd;view;-;Desktop;Infosheet;Hub Financial Calculator Poster;-;Financial wellbeing;Search;1;2026-07-01 - 2026-07-31
2026-07-01 00:00:00.000;EVEREST;Everest;United States;Lyra Health International Ltd;search;n/a;Desktop;-;-;-;;;1;2026-07-01 - 2026-07-31
2026-07-01 00:00:00.000;FERRERO;Ferrero;India;Lyra Health International Ltd;download;-;Desktop;Infosheet;How to Help Your Children Cope With Bullying;en;;Search;1;2026-07-01 - 2026-07-31
2026-07-01 00:00:00.000;FERRERO;Ferrero;India;Lyra Health International Ltd;search;mental;Desktop;-;-;-;;;1;2026-07-01 - 2026-07-31
2026-07-01 00:00:00.000;FERRERO;Ferrero;India;Lyra Health International Ltd;search;children;Desktop;-;-;-;;;1;2026-07-01 - 2026-07-31
2026-07-01 00:00:00.000;FERRERO;Ferrero;India;Lyra Health International Ltd;search;teen;Desktop;-;-;-;;;1;2026-07-01 - 2026-07-31
2026-07-01 00:00:00.000;FERRERO;Ferrero;India;Lyra Health International Ltd;search;n/a;Desktop;-;-;-;;;1;2026-07-01 - 2026-07-31
2026-07-01 00:00:00.000;FERRERO;Ferrero;India;Lyra Health International Ltd;search;adolescent;Desktop;-;-;-;;;1;2026-07-01 - 2026-07-31
2026-07-01 00:00:00.000;FERRERO;Ferrero;India;Lyra Health International Ltd;search;july;Desktop;-;-;-;;;1;2026-07-01 - 2026-07-31
2026-07-01 00:00:00.000;FERRERO;Ferrero;India;Lyra Health International Ltd;search;webinar;Desktop;-;-;-;;;1;2026-07-01 - 2026-07-31
2026-07-01 00:00:00.000;FERRERO;Ferrero;India;Lyra Health International Ltd;view;-;Desktop;Infosheet;How to Help Your Children Cope With Bullying;-;Mental wellbeing,Diversity and inclusivity;Search;1;2026-07-01 - 2026-07-31
2026-07-01 00:00:00.000;FERRERO;Ferrero;India;Lyra Health International Ltd;view;-;Desktop;Infosheet;How to Talk to Your Children About Drug Use;-;Physical wellbeing,Mental wellbeing,Drugs,Parenting;Search;1;2026-07-01 - 2026-07-31
2026-07-01 00:00:00.000;FERRERO;Ferrero;United States;Lyra Health International Ltd;download;-;Desktop;Infosheet;Use Case Poster - Non-visible Disabilities;en;;Search;1;2026-07-01 - 2026-07-31
2026-07-01 00:00:00.000;FERRERO;Ferrero;United States;Lyra Health International Ltd;search;disability;Desktop;-;-;-;;;1;2026-07-01 - 2026-07-31
2026-07-01 00:00:00.000;FERRERO;Ferrero;United States;Lyra Health International Ltd;search;n/a;Desktop;-;-;-;;;1;2026-07-01 - 2026-07-31
2026-07-01 00:00:00.000;FERRERO;Ferrero;United States;Lyra Health International Ltd;search;mobility;Desktop;-;-;-;;;1;2026-07-01 - 2026-07-31
2026-07-01 00:00:00.000;FERRERO;Ferrero;United States;Lyra Health International Ltd;search;diagnosis;Desktop;-;-;-;;;1;2026-07-01 - 2026-07-31
2026-07-01 00:00:00.000;FERRERO;Ferrero;United States;Lyra Health International Ltd;view;-;Desktop;Infosheet;Use Case Poster - Non-visible Disabilities;-;Healthy workplace;Search;1;2026-07-01 - 2026-07-31
2026-07-01 00:00:00.000;GENESYS;Genesys;United States;Lyra Health International Ltd;download;-;Desktop;Infosheet;Clinical Assessment Tools- Measuring the Impact of Your EAP;en;;Search;1;2026-07-01 - 2026-07-31
2026-07-01 00:00:00.000;GENESYS;Genesys;United States;Lyra Health International Ltd;search;n/a;Desktop;-;-;-;;;1;2026-07-01 - 2026-07-31
2026-07-01 00:00:00.000;GRUNENTHAL;Grunenthal;Belgium;Lyra Health International Ltd;search;adolescent;Desktop;-;-;-;;;1;2026-07-01 - 2026-07-31
2026-07-01 00:00:00.000;GRUNENTHAL;Grunenthal;Belgium;Lyra Health International Ltd;search;n/a;Desktop;-;-;-;;;1;2026-07-01 - 2026-07-31
2026-07-01 00:00:00.000;GRUNENTHAL;Grunenthal;Belgium;Lyra Health International Ltd;view;-;Desktop;Video;Box Breathing for Stressful Moments;-;Stress;Search;1;2026-07-01 - 2026-07-31
2026-07-01 00:00:00.000;HM;H&M Group;Germany;Lyra Health International Ltd;search;n/a;Desktop;-;-;-;;;1;2026-07-01 - 2026-07-31
2026-07-01 00:00:00.000;HM;H&M Group;Germany;Lyra Health International Ltd;search;mental;Desktop;-;-;-;;;1;2026-07-01 - 2026-07-31
2026-07-01 00:00:00.000;HM;H&M Group;Germany;Lyra Health International Ltd;view;-;Desktop;Infosheet;How to Prioritize When Everything Feels Urgent;-;Prioritization,Change;Search;1;2026-07-01 - 2026-07-31
2026-07-01 00:00:00.000;HUBTEST;icashubtestclient (Test Preview);South Africa;Lyra Health International Ltd;search;5 pillars;Desktop;-;-;-;;;1;2026-07-01 - 2026-07-31
2026-07-01 00:00:00.000;HUBTEST;icashubtestclient (Test Preview);South Africa;Lyra Health International Ltd;search;flashcards;Desktop;-;-;-;;;1;2026-07-01 - 2026-07-31
2026-07-01 00:00:00.000;HUBTEST;icashubtestclient (Test Preview);South Africa;Lyra Health International Ltd;search;fl;Desktop;-;-;-;;;1;2026-07-01 - 2026-07-31
2026-07-01 00:00:00.000;HUBTEST;icashubtestclient (Test Preview);South Africa;Lyra Health International Ltd;search;f;Desktop;-;-;-;;;1;2026-07-01 - 2026-07-31
2026-07-01 00:00:00.000;HUBTEST;icashubtestclient (Test Preview);South Africa;Lyra Health International Ltd;view;-;Desktop;Infosheet;The 5 Pillars of Resilience;-;Healthy workplace,Mental wellbeing;Search;1;2026-07-01 - 2026-07-31
2026-07-01 00:00:00.000;HUBTEST;icashubtestclient (Test Preview);South Africa;Lyra Health International Ltd;view;-;Desktop;Toolkit;Flashcards for Self-reflection;-;Identity,Mindfulness;Search;1;2026-07-01 - 2026-07-31
2026-07-01 00:00:00.000;ICA001;iCAS;South Africa;Lyra Southern Africa Pty Ltd;download;-;Desktop;Infosheet;How to Help Your Children Cope With Bullying;en;;Search;1;2026-07-01 - 2026-07-31
2026-07-01 00:00:00.000;ICA001;iCAS;South Africa;Lyra Southern Africa Pty Ltd;search;victimisation;Desktop;-;-;-;;;1;2026-07-01 - 2026-07-31
2026-07-01 00:00:00.000;ICA001;iCAS;South Africa;Lyra Southern Africa Pty Ltd;search;bullying;Desktop;-;-;-;;;1;2026-07-01 - 2026-07-31
2026-07-01 00:00:00.000;ICA001;iCAS;South Africa;Lyra Southern Africa Pty Ltd;search;stress;Desktop;-;-;-;;;1;2026-07-01 - 2026-07-31
2026-07-01 00:00:00.000;ICA001;iCAS;South Africa;Lyra Southern Africa Pty Ltd;search;harassment;Desktop;-;-;-;;;1;2026-07-01 - 2026-07-31
2026-07-01 00:00:00.000;ICA001;iCAS;South Africa;Lyra Southern Africa Pty Ltd;search;harrassment;Desktop;-;-;-;;;1;2026-07-01 - 2026-07-31
2026-07-01 00:00:00.000;ICA001;iCAS;South Africa;Lyra Southern Africa Pty Ltd;search;n/a;Desktop;-;-;-;;;1;2026-07-01 - 2026-07-31
2026-07-01 00:00:00.000;ICASMARKETINGTEST;ICAS Marketing (Test Preview);South Africa;Lyra Health International Ltd;search;n/a;Desktop;-;-;-;;;1;2026-07-01 - 2026-07-31
2026-07-01 00:00:00.000;ICASSATEST;ICAS South Africa (Test Preview);South Africa;Lyra Southern Africa Pty Ltd;download;-;Desktop;Infosheet;Common Myths About HIV and AIDS;en;;Search;1;2026-07-01 - 2026-07-31
2026-07-01 00:00:00.000;ICASSATEST;ICAS South Africa (Test Preview);South Africa;Lyra Southern Africa Pty Ltd;download;-;Desktop;Infosheet;HIV and AIDS Statistics;en;;Search;1;2026-07-01 - 2026-07-31
2026-07-01 00:00:00.000;ICASSATEST;ICAS South Africa (Test Preview);South Africa;Lyra Southern Africa Pty Ltd;download;-;Desktop;Toolkit;World Mental Health Day Pack;en;;Search;1;2026-07-01 - 2026-07-31
2026-07-01 00:00:00.000;ICASSATEST;ICAS South Africa (Test Preview);South Africa;Lyra Southern Africa Pty Ltd;download;-;Desktop;Infosheet;How Trauma Can Affect Our Physical and Mental Wellbeing;en;;Search;1;2026-07-01 - 2026-07-31
2026-07-01 00:00:00.000;ICASSATEST;ICAS South Africa (Test Preview);South Africa;Lyra Southern Africa Pty Ltd;download;-;Desktop;Infosheet;How to Cope With Trauma;en;;Search;1;2026-07-01 - 2026-07-31
2026-07-01 00:00:00.000;ICASSATEST;ICAS South Africa (Test Preview);South Africa;Lyra Southern Africa Pty Ltd;download;-;Desktop;Infosheet;How to Prioritize Your Bone Health;en;;Search;1;2026-07-01 - 2026-07-31
2026-07-01 00:00:00.000;ICASSATEST;ICAS South Africa (Test Preview);South Africa;Lyra Southern Africa Pty Ltd;download;-;Desktop;Infosheet;Common Myths About Cancer;en;;Search;1;2026-07-01 - 2026-07-31
2026-07-01 00:00:00.000;ICASSATEST;ICAS South Africa (Test Preview);South Africa;Lyra Southern Africa Pty Ltd;download;-;Desktop;Infosheet;Your Essential Guide to Women's Preventive Health Screenings;en;;Search;1;2026-07-01 - 2026-07-31
2026-07-01 00:00:00.000;ICASSATEST;ICAS South Africa (Test Preview);South Africa;Lyra Southern Africa Pty Ltd;download;-;Desktop;Infosheet;Understanding and Managing the Stress of Perimenopause;en;;Search;1;2026-07-01 - 2026-07-31
2026-07-01 00:00:00.000;ICASSATEST;ICAS South Africa (Test Preview);South Africa;Lyra Southern Africa Pty Ltd;download;-;Desktop;Infosheet;10 Benefits of Reducing Your Alcohol Intake;en;;Search;1;2026-07-01 - 2026-07-31
2026-07-01 00:00:00.000;ICASSATEST;ICAS South Africa (Test Preview);South Africa;Lyra Southern Africa Pty Ltd;download;-;Desktop;Infosheet;11 Tips to Help Reduce Your Alcohol Intake;en;;Search;1;2026-07-01 - 2026-07-31
2026-07-01 00:00:00.000;ICASSATEST;ICAS South Africa (Test Preview);South Africa;Lyra Southern Africa Pty Ltd;download;-;Desktop;Infosheet;Statistics on Women's Health;en;;Search;1;2026-07-01 - 2026-07-31
2026-07-01 00:00:00.000;ICASSATEST;ICAS South Africa (Test Preview);South Africa;Lyra Southern Africa Pty Ltd;download;-;Desktop;Infosheet;How to Look After Your Heart;en;;Search;1;2026-07-01 - 2026-07-31
2026-07-01 00:00:00.000;ICASSATEST;ICAS South Africa (Test Preview);South Africa;Lyra Southern Africa Pty Ltd;download;-;Desktop;Infosheet;How to Cope With Change;en;;Search;1;2026-07-01 - 2026-07-31
2026-07-01 00:00:00.000;ICASSATEST;ICAS South Africa (Test Preview);South Africa;Lyra Southern Africa Pty Ltd;download;-;Desktop;Poster;Use Case Poster - Community Building in Times of Change;en;;Search;1;2026-07-01 - 2026-07-31
2026-07-01 00:00:00.000;ICASSATEST;ICAS South Africa (Test Preview);South Africa;Lyra Southern Africa Pty Ltd;download;-;Desktop;Infosheet;How to Support Someone Through Change as a People Leader;en;;Search;1;2026-07-01 - 2026-07-31
2026-07-01 00:00:00.000;ICASSATEST;ICAS South Africa (Test Preview);South Africa;Lyra Southern Africa Pty Ltd;search;n/a;Desktop;-;-;-;;;7;2026-07-01 - 2026-07-31
2026-07-01 00:00:00.000;ICASSATEST;ICAS South Africa (Test Preview);South Africa;Lyra Southern Africa Pty Ltd;search;bullying, harassment;Desktop;-;-;-;;;1;2026-07-01 - 2026-07-31
2026-07-01 00:00:00.000;ICASSATEST;ICAS South Africa (Test Preview);South Africa;Lyra Southern Africa Pty Ltd;search;victimisation;Desktop;-;-;-;;;1;2026-07-01 - 2026-07-31
2026-07-01 00:00:00.000;ICASSATEST;ICAS South Africa (Test Preview);South Africa;Lyra Southern Africa Pty Ltd;search;bullying;Desktop;-;-;-;;;1;2026-07-01 - 2026-07-31
2026-07-01 00:00:00.000;ICASSATEST;ICAS South Africa (Test Preview);South Africa;Lyra Southern Africa Pty Ltd;search;measles;Desktop;-;-;-;;;1;2026-07-01 - 2026-07-31
2026-07-01 00:00:00.000;ICASSATEST;ICAS South Africa (Test Preview);South Africa;Lyra Southern Africa Pty Ltd;search;HIV;Desktop;-;-;-;;;1;2026-07-01 - 2026-07-31
2026-07-01 00:00:00.000;ICASSATEST;ICAS South Africa (Test Preview);South Africa;Lyra Southern Africa Pty Ltd;search;hub;Desktop;-;-;-;;;1;2026-07-01 - 2026-07-31
2026-07-01 00:00:00.000;ICASSATEST;ICAS South Africa (Test Preview);South Africa;Lyra Southern Africa Pty Ltd;search;childhood trauma;Desktop;-;-;-;;;1;2026-07-01 - 2026-07-31
2026-07-01 00:00:00.000;ICASSATEST;ICAS South Africa (Test Preview);South Africa;Lyra Southern Africa Pty Ltd;search;Teen;Desktop;-;-;-;;;1;2026-07-01 - 2026-07-31
2026-07-01 00:00:00.000;ICASSATEST;ICAS South Africa (Test Preview);South Africa;Lyra Southern Africa Pty Ltd;search;Adolescence;Desktop;-;-;-;;;1;2026-07-01 - 2026-07-31
2026-07-01 00:00:00.000;ICASSATEST;ICAS South Africa (Test Preview);South Africa;Lyra Southern Africa Pty Ltd;search;Adolescent;Desktop;-;-;-;;;1;2026-07-01 - 2026-07-31
2026-07-01 00:00:00.000;ICASSATEST;ICAS South Africa (Test Preview);South Africa;Lyra Southern Africa Pty Ltd;search;diabetes;Desktop;-;-;-;;;1;2026-07-01 - 2026-07-31
2026-07-01 00:00:00.000;ICASSATEST;ICAS South Africa (Test Preview);South Africa;Lyra Southern Africa Pty Ltd;search;blood pressure;Desktop;-;-;-;;;1;2026-07-01 - 2026-07-31
2026-07-01 00:00:00.000;ICASSATEST;ICAS South Africa (Test Preview);South Africa;Lyra Southern Africa Pty Ltd;search;Rheumatic Fever and Rheumatic Heart Disease;Desktop;-;-;-;;;1;2026-07-01 - 2026-07-31
2026-07-01 00:00:00.000;ICASSATEST;ICAS South Africa (Test Preview);South Africa;Lyra Southern Africa Pty Ltd;search;Rheumatic Heart Disease;Desktop;-;-;-;;;1;2026-07-01 - 2026-07-31
2026-07-01 00:00:00.000;ICASSATEST;ICAS South Africa (Test Preview);South Africa;Lyra Southern Africa Pty Ltd;search;Rheumatic Fever;Desktop;-;-;-;;;1;2026-07-01 - 2026-07-31
2026-07-01 00:00:00.000;ICASSATEST;ICAS South Africa (Test Preview);South Africa;Lyra Southern Africa Pty Ltd;search;Women's month;Desktop;-;-;-;;;1;2026-07-01 - 2026-07-31
2026-07-01 00:00:00.000;ICASSATEST;ICAS South Africa (Test Preview);South Africa;Lyra Southern Africa Pty Ltd;search;Rheumatic;Desktop;-;-;-;;;1;2026-07-01 - 2026-07-31
2026-07-01 00:00:00.000;ICASSATEST;ICAS South Africa (Test Preview);South Africa;Lyra Southern Africa Pty Ltd;search;National Women's Month;Desktop;-;-;-;;;1;2026-07-01 - 2026-07-31
2026-07-01 00:00:00.000;ICASSATEST;ICAS South Africa (Test Preview);South Africa;Lyra Southern Africa Pty Ltd;search;mindfulness;Desktop;-;-;-;;;1;2026-07-01 - 2026-07-31
2026-07-01 00:00:00.000;ICASSATEST;ICAS South Africa (Test Preview);South Africa;Lyra Southern Africa Pty Ltd;search;prosilience;Desktop;-;-;-;;;1;2026-07-01 - 2026-07-31
2026-07-01 00:00:00.000;ICASSATEST;ICAS South Africa (Test Preview);South Africa;Lyra Southern Africa Pty Ltd;search;restructure;Desktop;-;-;-;;;1;2026-07-01 - 2026-07-31
2026-07-01 00:00:00.000;ICASSATEST;ICAS South Africa (Test Preview);South Africa;Lyra Southern Africa Pty Ltd;search;change;Desktop;-;-;-;;;2;2026-07-01 - 2026-07-31
2026-07-01 00:00:00.000;ICASSATEST;ICAS South Africa (Test Preview);South Africa;Lyra Southern Africa Pty Ltd;search;restructuring;Desktop;-;-;-;;;1;2026-07-01 - 2026-07-31
2026-07-01 00:00:00.000;ICASSATEST;ICAS South Africa (Test Preview);South Africa;Lyra Southern Africa Pty Ltd;view;-;Desktop;Infosheet;How to Help Your Children Cope With Bullying;-;Mental wellbeing,Diversity and inclusivity;DirectEntry;1;2026-07-01 - 2026-07-31
2026-07-01 00:00:00.000;ICASSATEST;ICAS South Africa (Test Preview);South Africa;Lyra Southern Africa Pty Ltd;view;-;Desktop;Infosheet;How to Help Your Children Cope With Bullying;-;Mental wellbeing,Diversity and inclusivity;Search;1;2026-07-01 - 2026-07-31
2026-07-01 00:00:00.000;ICASSATEST;ICAS South Africa (Test Preview);South Africa;Lyra Southern Africa Pty Ltd;view;-;Desktop;Infosheet;Common Myths About HIV and AIDS;-;Diversity and inclusivity,Physical wellbeing,AIDS,HIV;Search;1;2026-07-01 - 2026-07-31
2026-07-01 00:00:00.000;ICASSATEST;ICAS South Africa (Test Preview);South Africa;Lyra Southern Africa Pty Ltd;view;-;Desktop;Infosheet;HIV and AIDS Statistics;-;Physical wellbeing,Diversity and inclusivity,AIDS,HIV;Search;1;2026-07-01 - 2026-07-31
2026-07-01 00:00:00.000;ICASSATEST;ICAS South Africa (Test Preview);South Africa;Lyra Southern Africa Pty Ltd;view;-;Desktop;Infosheet;Hub App Promo Leaflet;-;Mental wellbeing,Healthy workplace,Lyra Wellbeing Services,Physical wellbeing;Search;1;2026-07-01 - 2026-07-31
2026-07-01 00:00:00.000;ICASSATEST;ICAS South Africa (Test Preview);South Africa;Lyra Southern Africa Pty Ltd;view;-;Desktop;Infosheet;FAQs: Your Personal Hub Account;-;;Search;1;2026-07-01 - 2026-07-31
2026-07-01 00:00:00.000;ICASSATEST;ICAS South Africa (Test Preview);South Africa;Lyra Southern Africa Pty Ltd;view;-;Desktop;Infosheet;How to Create Your Account in the Lyra Wellbeing Hub;-;Lyra Wellbeing Services;Search;1;2026-07-01 - 2026-07-31
2026-07-01 00:00:00.000;ICASSATEST;ICAS South Africa (Test Preview);South Africa;Lyra Southern Africa Pty Ltd;view;-;Desktop;Video;Journaling Exercises to Help Process Trauma;-;Trauma;Search;1;2026-07-01 - 2026-07-31
2026-07-01 00:00:00.000;ICASSATEST;ICAS South Africa (Test Preview);South Africa;Lyra Southern Africa Pty Ltd;view;-;Desktop;Toolkit;World Mental Health Day Pack;-;Mental wellbeing,Trauma;Search;1;2026-07-01 - 2026-07-31
2026-07-01 00:00:00.000;ICASSATEST;ICAS South Africa (Test Preview);South Africa;Lyra Southern Africa Pty Ltd;view;-;Desktop;Infosheet;How Trauma Can Affect Our Physical and Mental Wellbeing;-;Mental wellbeing,Physical wellbeing;Search;1;2026-07-01 - 2026-07-31
2026-07-01 00:00:00.000;ICASSATEST;ICAS South Africa (Test Preview);South Africa;Lyra Southern Africa Pty Ltd;view;-;Desktop;Poster;May Open Webinar Invitation: Trauma;-;Lyra Wellbeing Services,Mental wellbeing;Search;1;2026-07-01 - 2026-07-31
2026-07-01 00:00:00.000;ICASSATEST;ICAS South Africa (Test Preview);South Africa;Lyra Southern Africa Pty Ltd;view;-;Desktop;Infosheet;How to Cope With Trauma;-;Mental wellbeing;Search;1;2026-07-01 - 2026-07-31
2026-07-01 00:00:00.000;ICASSATEST;ICAS South Africa (Test Preview);South Africa;Lyra Southern Africa Pty Ltd;view;-;Desktop;Infosheet;Resolving Family Conflict During the Holidays;-;Mental wellbeing;Search;1;2026-07-01 - 2026-07-31
2026-07-01 00:00:00.000;ICASSATEST;ICAS South Africa (Test Preview);South Africa;Lyra Southern Africa Pty Ltd;view;-;Desktop;Infosheet;How to Lower Your Risk of Type 2 Diabetes;-;Physical wellbeing,Diabetes;Search;1;2026-07-01 - 2026-07-31
2026-07-01 00:00:00.000;ICASSATEST;ICAS South Africa (Test Preview);South Africa;Lyra Southern Africa Pty Ltd;view;-;Desktop;Infosheet;Glycaemic Index Food List;-;Physical wellbeing,Nutrition;Search;1;2026-07-01 - 2026-07-31
2026-07-01 00:00:00.000;ICASSATEST;ICAS South Africa (Test Preview);South Africa;Lyra Southern Africa Pty Ltd;view;-;Desktop;Video;UK Insights map;-;Mental wellbeing,Lyra Wellbeing Services;DirectEntry;1;2026-07-01 - 2026-07-31
2026-07-01 00:00:00.000;ICASSATEST;ICAS South Africa (Test Preview);South Africa;Lyra Southern Africa Pty Ltd;view;-;Desktop;Infosheet;How to Take Care of Yourself During Perimenopause;-;Physical wellbeing,Mental wellbeing;Search;1;2026-07-01 - 2026-07-31
2026-07-01 00:00:00.000;ICASSATEST;ICAS South Africa (Test Preview);South Africa;Lyra Southern Africa Pty Ltd;view;-;Desktop;Toolkit;Geopolitical and Global Uncertainty Resources Pack;-;Mental wellbeing,Anxiety;Search;1;2026-07-01 - 2026-07-31
2026-07-01 00:00:00.000;ICASSATEST;ICAS South Africa (Test Preview);South Africa;Lyra Southern Africa Pty Ltd;view;-;Desktop;Infosheet;How to Find Joy in Small Moments;-;Mental wellbeing;Search;1;2026-07-01 - 2026-07-31
2026-07-01 00:00:00.000;ICASSATEST;ICAS South Africa (Test Preview);South Africa;Lyra Southern Africa Pty Ltd;view;-;Desktop;Toolkit;Flashcards for Self-reflection;-;Identity,Mindfulness;Search;1;2026-07-01 - 2026-07-31
2026-07-01 00:00:00.000;ICASSATEST;ICAS South Africa (Test Preview);South Africa;Lyra Southern Africa Pty Ltd;view;-;Desktop;Infosheet;How to Relax Without Feeling Guilty;-;Mental wellbeing;Search;1;2026-07-01 - 2026-07-31
2026-07-01 00:00:00.000;ICASSATEST;ICAS South Africa (Test Preview);South Africa;Lyra Southern Africa Pty Ltd;view;-;Desktop;Video;Exercises to Help Build Money Mindfulness;-;Financial wellbeing;Search;1;2026-07-01 - 2026-07-31
2026-07-01 00:00:00.000;ICASSATEST;ICAS South Africa (Test Preview);South Africa;Lyra Southern Africa Pty Ltd;view;-;Desktop;Infosheet;Managing Resistance to Change Within a Team;-;Healthy workplace;Search;2;2026-07-01 - 2026-07-31
2026-07-01 00:00:00.000;ICASSATEST;ICAS South Africa (Test Preview);South Africa;Lyra Southern Africa Pty Ltd;view;-;Desktop;Infosheet;How to Support Someone Through Change as a People Leader;-;Healthy workplace;Search;2;2026-07-01 - 2026-07-31
2026-07-01 00:00:00.000;ICASSATEST;ICAS South Africa (Test Preview);South Africa;Lyra Southern Africa Pty Ltd;view;-;Desktop;Infosheet;Use Case Poster - Coping with Personal Change;-;Mental wellbeing,Healthy workplace;Search;2;2026-07-01 - 2026-07-31
2026-07-01 00:00:00.000;ICASSATEST;ICAS South Africa (Test Preview);South Africa;Lyra Southern Africa Pty Ltd;view;-;Desktop;Poster;Use Case Poster - Coping With Organizational Change;-;Mental wellbeing,Healthy workplace,Lyra Wellbeing Services;Search;1;2026-07-01 - 2026-07-31
2026-07-01 00:00:00.000;ICASSATEST;ICAS South Africa (Test Preview);South Africa;Lyra Southern Africa Pty Ltd;view;-;Desktop;Poster;Use Case Poster - Community Building in Times of Change;-;Healthy workplace,Lyra Wellbeing Services;Search;2;2026-07-01 - 2026-07-31
2026-07-01 00:00:00.000;ICASSATEST;ICAS South Africa (Test Preview);South Africa;Lyra Southern Africa Pty Ltd;view;-;Desktop;Infosheet;6 Techniques to Help You Feel More Relaxed;-;Mental wellbeing;Search;1;2026-07-01 - 2026-07-31
2026-07-01 00:00:00.000;ICASSATEST;ICAS South Africa (Test Preview);South Africa;Lyra Southern Africa Pty Ltd;view;-;Desktop;Infosheet;Staying Grounded During Life Changes;-;Mental wellbeing,Grounding,Change;Search;1;2026-07-01 - 2026-07-31
2026-07-01 00:00:00.000;ICASSATEST;ICAS South Africa (Test Preview);South Africa;Lyra Southern Africa Pty Ltd;view;-;Desktop;Infosheet;How to Cope With Change;-;Mental wellbeing,Healthy workplace;Search;1;2026-07-01 - 2026-07-31
2026-07-01 00:00:00.000;ICASSATEST;ICAS South Africa (Test Preview);South Africa;Lyra Southern Africa Pty Ltd;view;-;Desktop;Infosheet;How to Prioritize When Everything Feels Urgent;-;Prioritization,Change;Search;1;2026-07-01 - 2026-07-31
2026-07-01 00:00:00.000;ICASSATEST;ICAS South Africa (Test Preview);United Kingdom;Lyra Southern Africa Pty Ltd;create;-;Desktop;-;-;-;Mental wellbeing;undefined;1;2026-07-01 - 2026-07-31
2026-07-01 00:00:00.000;ICASSATEST;ICAS South Africa (Test Preview);United Kingdom;Lyra Southern Africa Pty Ltd;create;-;Desktop;-;-;-;Healthy workplace;undefined;1;2026-07-01 - 2026-07-31
2026-07-01 00:00:00.000;ICASSATEST;ICAS South Africa (Test Preview);United Kingdom;Lyra Southern Africa Pty Ltd;create;-;Desktop;-;-;-;Absenteeism;undefined;1;2026-07-01 - 2026-07-31
2026-07-01 00:00:00.000;ICASSATEST;ICAS South Africa (Test Preview);United Kingdom;Lyra Southern Africa Pty Ltd;create;-;Desktop;-;-;-;Mental wellbeing,Women,Friendship;undefined;1;2026-07-01 - 2026-07-31
2026-07-01 00:00:00.000;ICASSATEST;ICAS South Africa (Test Preview);United Kingdom;Lyra Southern Africa Pty Ltd;create;-;Desktop;-;-;-;Mental wellbeing,Role models,Women;undefined;1;2026-07-01 - 2026-07-31
2026-07-01 00:00:00.000;ICASSATEST;ICAS South Africa (Test Preview);United Kingdom;Lyra Southern Africa Pty Ltd;create;-;Desktop;-;-;-;Physical wellbeing,Menopause,Women's Health;undefined;1;2026-07-01 - 2026-07-31
2026-07-01 00:00:00.000;ICASSATEST;ICAS South Africa (Test Preview);United Kingdom;Lyra Southern Africa Pty Ltd;create;-;Desktop;-;-;-;Physical wellbeing,Women's Health;undefined;1;2026-07-01 - 2026-07-31
2026-07-01 00:00:00.000;ICASSATEST;ICAS South Africa (Test Preview);United Kingdom;Lyra Southern Africa Pty Ltd;create;-;Desktop;-;-;-;Problem solving;undefined;1;2026-07-01 - 2026-07-31
2026-07-01 00:00:00.000;ICASSATEST;ICAS South Africa (Test Preview);United Kingdom;Lyra Southern Africa Pty Ltd;download;-;Desktop;Infosheet;Lyra Wellbeing Frequently Asked Questions;en;;Search;1;2026-07-01 - 2026-07-31
2026-07-01 00:00:00.000;ICASSATEST;ICAS South Africa (Test Preview);United Kingdom;Lyra Southern Africa Pty Ltd;download;-;Desktop;Infosheet;Perspective Shifts for Creative Problem Solving;es_la;;DirectEntry;1;2026-07-01 - 2026-07-31
2026-07-01 00:00:00.000;ICASSATEST;ICAS South Africa (Test Preview);United Kingdom;Lyra Southern Africa Pty Ltd;download;-;Desktop;Infosheet;The 5 Whys of Creative Problem Solving;es_la;;DirectEntry;1;2026-07-01 - 2026-07-31
2026-07-01 00:00:00.000;ICASSATEST;ICAS South Africa (Test Preview);United Kingdom;Lyra Southern Africa Pty Ltd;search;n/a;Desktop;-;-;-;;;1;2026-07-01 - 2026-07-31
2026-07-01 00:00:00.000;ICASSATEST;ICAS South Africa (Test Preview);United Kingdom;Lyra Southern Africa Pty Ltd;search;frequently asked;Desktop;-;-;-;;;1;2026-07-01 - 2026-07-31
2026-07-01 00:00:00.000;ICASSATEST;ICAS South Africa (Test Preview);United Kingdom;Lyra Southern Africa Pty Ltd;search;FAQ;Desktop;-;-;-;;;1;2026-07-01 - 2026-07-31
2026-07-01 00:00:00.000;ICASSATEST;ICAS South Africa (Test Preview);United Kingdom;Lyra Southern Africa Pty Ltd;search;AI;Desktop;-;-;-;;;1;2026-07-01 - 2026-07-31
2026-07-01 00:00:00.000;ICASSATEST;ICAS South Africa (Test Preview);United Kingdom;Lyra Southern Africa Pty Ltd;search;anxiety;Desktop;-;-;-;;;1;2026-07-01 - 2026-07-31
2026-07-01 00:00:00.000;ICASSATEST;ICAS South Africa (Test Preview);United Kingdom;Lyra Southern Africa Pty Ltd;search;How to support a loved one with an anxiety disorder;Desktop;-;-;-;;;1;2026-07-01 - 2026-07-31
2026-07-01 00:00:00.000;ICASSATEST;ICAS South Africa (Test Preview);United Kingdom;Lyra Southern Africa Pty Ltd;search;Statistics;Desktop;-;-;-;;;1;2026-07-01 - 2026-07-31
2026-07-01 00:00:00.000;ICASSATEST;ICAS South Africa (Test Preview);United Kingdom;Lyra Southern Africa Pty Ltd;search;Statistics on men's health;Desktop;-;-;-;;;1;2026-07-01 - 2026-07-31
2026-07-01 00:00:00.000;ICASSATEST;ICAS South Africa (Test Preview);United Kingdom;Lyra Southern Africa Pty Ltd;search;infographic;Desktop;-;-;-;;;1;2026-07-01 - 2026-07-31
2026-07-01 00:00:00.000;ICASSATEST;ICAS South Africa (Test Preview);United Kingdom;Lyra Southern Africa Pty Ltd;search;infographic: Anxiety and depression around the world;Desktop;-;-;-;;;1;2026-07-01 - 2026-07-31
2026-07-01 00:00:00.000;ICASSATEST;ICAS South Africa (Test Preview);United Kingdom;Lyra Southern Africa Pty Ltd;search;Anxiety and depression around the world;Desktop;-;-;-;;;1;2026-07-01 - 2026-07-31
2026-07-01 00:00:00.000;ICASSATEST;ICAS South Africa (Test Preview);United Kingdom;Lyra Southern Africa Pty Ltd;search;burnout;Desktop;-;-;-;;;1;2026-07-01 - 2026-07-31
2026-07-01 00:00:00.000;ICASSATEST;ICAS South Africa (Test Preview);United Kingdom;Lyra Southern Africa Pty Ltd;search;How to recognize burnout in a team member - a guide for managers;Desktop;-;-;-;;;1;2026-07-01 - 2026-07-31
2026-07-01 00:00:00.000;ICASSATEST;ICAS South Africa (Test Preview);United Kingdom;Lyra Southern Africa Pty Ltd;search;prioritize;Desktop;-;-;-;;;1;2026-07-01 - 2026-07-31
2026-07-01 00:00:00.000;ICASSATEST;ICAS South Africa (Test Preview);United Kingdom;Lyra Southern Africa Pty Ltd;search;Parental;Desktop;-;-;-;;;1;2026-07-01 - 2026-07-31
2026-07-01 00:00:00.000;ICASSATEST;ICAS South Africa (Test Preview);United Kingdom;Lyra Southern Africa Pty Ltd;search;Parental Guilt and Switching Off;Desktop;-;-;-;;;1;2026-07-01 - 2026-07-31
2026-07-01 00:00:00.000;ICASSATEST;ICAS South Africa (Test Preview);United Kingdom;Lyra Southern Africa Pty Ltd;search;insights map;Desktop;-;-;-;;;1;2026-07-01 - 2026-07-31
2026-07-01 00:00:00.000;ICASSATEST;ICAS South Africa (Test Preview);United Kingdom;Lyra Southern Africa Pty Ltd;search;stress;Desktop;-;-;-;;;1;2026-07-01 - 2026-07-31
2026-07-01 00:00:00.000;ICASSATEST;ICAS South Africa (Test Preview);United Kingdom;Lyra Southern Africa Pty Ltd;search;world event;Desktop;-;-;-;;;1;2026-07-01 - 2026-07-31
2026-07-01 00:00:00.000;ICASSATEST;ICAS South Africa (Test Preview);United Kingdom;Lyra Southern Africa Pty Ltd;search;mental health;Desktop;-;-;-;;;1;2026-07-01 - 2026-07-31
2026-07-01 00:00:00.000;ICASSATEST;ICAS South Africa (Test Preview);United Kingdom;Lyra Southern Africa Pty Ltd;search;change;Desktop;-;-;-;;;1;2026-07-01 - 2026-07-31
2026-07-01 00:00:00.000;ICASSATEST;ICAS South Africa (Test Preview);United Kingdom;Lyra Southern Africa Pty Ltd;search;autism;Desktop;-;-;-;;;1;2026-07-01 - 2026-07-31
2026-07-01 00:00:00.000;ICASSATEST;ICAS South Africa (Test Preview);United Kingdom;Lyra Southern Africa Pty Ltd;search;ADHD;Desktop;-;-;-;;;1;2026-07-01 - 2026-07-31
2026-07-01 00:00:00.000;ICASSATEST;ICAS South Africa (Test Preview);United Kingdom;Lyra Southern Africa Pty Ltd;search;neurodiversity;Desktop;-;-;-;;;1;2026-07-01 - 2026-07-31
2026-07-01 00:00:00.000;ICASSATEST;ICAS South Africa (Test Preview);United Kingdom;Lyra Southern Africa Pty Ltd;search;men;Desktop;-;-;-;;;1;2026-07-01 - 2026-07-31
2026-07-01 00:00:00.000;ICASSATEST;ICAS South Africa (Test Preview);United Kingdom;Lyra Southern Africa Pty Ltd;search;grief;Desktop;-;-;-;;;1;2026-07-01 - 2026-07-31
2026-07-01 00:00:00.000;ICASSATEST;ICAS South Africa (Test Preview);United Kingdom;Lyra Southern Africa Pty Ltd;update;-;Desktop;-;-;-;Mental wellbeing,Parenting;undefined;1;2026-07-01 - 2026-07-31
2026-07-01 00:00:00.000;ICASSATEST;ICAS South Africa (Test Preview);United Kingdom;Lyra Southern Africa Pty Ltd;update;-;Desktop;-;-;-;Problem solving;undefined;1;2026-07-01 - 2026-07-31
2026-07-01 00:00:00.000;ICASSATEST;ICAS South Africa (Test Preview);United Kingdom;Lyra Southern Africa Pty Ltd;update;-;Desktop;-;-;-;Mental wellbeing;undefined;1;2026-07-01 - 2026-07-31
2026-07-01 00:00:00.000;ICASSATEST;ICAS South Africa (Test Preview);United Kingdom;Lyra Southern Africa Pty Ltd;update;-;Desktop;-;-;-;Mental wellbeing,Women,Friendship;undefined;1;2026-07-01 - 2026-07-31
2026-07-01 00:00:00.000;ICASSATEST;ICAS South Africa (Test Preview);United Kingdom;Lyra Southern Africa Pty Ltd;update;-;Desktop;-;-;-;Lyra Wellbeing Services,Mental wellbeing;undefined;1;2026-07-01 - 2026-07-31
2026-07-01 00:00:00.000;ICASSATEST;ICAS South Africa (Test Preview);United Kingdom;Lyra Southern Africa Pty Ltd;update;-;Desktop;-;-;-;Lyra Wellbeing Services;undefined;1;2026-07-01 - 2026-07-31
2026-07-01 00:00:00.000;ICASSATEST;ICAS South Africa (Test Preview);United Kingdom;Lyra Southern Africa Pty Ltd;view;-;Desktop;Infosheet;Lyra Wellbeing Frequently Asked Questions;-;Mental wellbeing,Physical wellbeing,Healthy workplace,Financial wellbeing,Lyra Wellbeing Services;Search;1;2026-07-01 - 2026-07-31
2026-07-01 00:00:00.000;ICASSATEST;ICAS South Africa (Test Preview);United Kingdom;Lyra Southern Africa Pty Ltd;view;-;Desktop;Infosheet;Lyra Wellbeing Frequently Asked Questions;-;Mental wellbeing,Physical wellbeing,Healthy workplace,Financial wellbeing,Lyra Wellbeing Services;DirectEntry;1;2026-07-01 - 2026-07-31
2026-07-01 00:00:00.000;ICASSATEST;ICAS South Africa (Test Preview);United Kingdom;Lyra Southern Africa Pty Ltd;view;-;Desktop;Infosheet;How to Future-proof Your Career;-;Healthy workplace,Personal growth;Search;1;2026-07-01 - 2026-07-31
2026-07-01 00:00:00.000;ICASSATEST;ICAS South Africa (Test Preview);United Kingdom;Lyra Southern Africa Pty Ltd;view;-;Desktop;Infosheet;Practical Ways to Integrate AI Into Your Workflow;-;AI,New skills;Search;1;2026-07-01 - 2026-07-31
2026-07-01 00:00:00.000;ICASSATEST;ICAS South Africa (Test Preview);United Kingdom;Lyra Southern Africa Pty Ltd;view;-;Desktop;Video;Box Breathing for Stressful Moments;-;Stress;Search;1;2026-07-01 - 2026-07-31
2026-07-01 00:00:00.000;ICASSATEST;ICAS South Africa (Test Preview);United Kingdom;Lyra Southern Africa Pty Ltd;view;-;Desktop;Infosheet;5 Ways to Start a Conversation About Mental Health;-;Mental wellbeing;Search;1;2026-07-01 - 2026-07-31
2026-07-01 00:00:00.000;ICASSATEST;ICAS South Africa (Test Preview);United Kingdom;Lyra Southern Africa Pty Ltd;view;-;Desktop;Infosheet;How to Prioritize Your Health as a Man;-;Physical wellbeing,Mental wellbeing;DirectEntry;1;2026-07-01 - 2026-07-31
2026-07-01 00:00:00.000;ICASSATEST;ICAS South Africa (Test Preview);United Kingdom;Lyra Southern Africa Pty Ltd;view;-;Desktop;Infosheet;Statistics on Men's Health;-;Mental wellbeing,Physical wellbeing;DirectEntry;1;2026-07-01 - 2026-07-31
2026-07-01 00:00:00.000;ICASSATEST;ICAS South Africa (Test Preview);United Kingdom;Lyra Southern Africa Pty Ltd;view;-;Desktop;Infosheet;Statistics on Men's Health;-;Mental wellbeing,Physical wellbeing;Search;1;2026-07-01 - 2026-07-31
2026-07-01 00:00:00.000;ICASSATEST;ICAS South Africa (Test Preview);United Kingdom;Lyra Southern Africa Pty Ltd;view;-;Desktop;Poster;Infographic: Anxiety and Depression Around the World;-;Mental wellbeing;Search;1;2026-07-01 - 2026-07-31
2026-07-01 00:00:00.000;ICASSATEST;ICAS South Africa (Test Preview);United Kingdom;Lyra Southern Africa Pty Ltd;view;-;Desktop;Infosheet;Managing Resistance to Change Within a Team;-;Healthy workplace;DirectEntry;1;2026-07-01 - 2026-07-31
2026-07-01 00:00:00.000;ICASSATEST;ICAS South Africa (Test Preview);United Kingdom;Lyra Southern Africa Pty Ltd;view;-;Desktop;Infosheet;How to Recognize Burnout in a Team Member - a Guide for Managers;-;Healthy workplace,Mental wellbeing;DirectEntry;1;2026-07-01 - 2026-07-31
2026-07-01 00:00:00.000;ICASSATEST;ICAS South Africa (Test Preview);United Kingdom;Lyra Southern Africa Pty Ltd;view;-;Desktop;Infosheet;Statistics on Women's Health;-;Physical wellbeing,Mental wellbeing;DirectEntry;1;2026-07-01 - 2026-07-31
2026-07-01 00:00:00.000;ICASSATEST;ICAS South Africa (Test Preview);United Kingdom;Lyra Southern Africa Pty Ltd;view;-;Desktop;Toolkit;Neurodiversity at Work: A Guide for Managers;-;Neurodiversity;DirectEntry;1;2026-07-01 - 2026-07-31
2026-07-01 00:00:00.000;ICASSATEST;ICAS South Africa (Test Preview);United Kingdom;Lyra Southern Africa Pty Ltd;view;-;Desktop;Infosheet;How to Build a Team Culture Where it’s Safe to Speak Up;-;Healthy workplace;Search;1;2026-07-01 - 2026-07-31
2026-07-01 00:00:00.000;ICASSATEST;ICAS South Africa (Test Preview);United Kingdom;Lyra Southern Africa Pty Ltd;view;-;Desktop;Infosheet;Understanding and Preventing Absenteeism;-;Absenteeism;Search;1;2026-07-01 - 2026-07-31
2026-07-01 00:00:00.000;ICASSATEST;ICAS South Africa (Test Preview);United Kingdom;Lyra Southern Africa Pty Ltd;view;-;Desktop;Infosheet;Parental Guilt and Switching Off;-;Mental wellbeing,Parenting;Search;1;2026-07-01 - 2026-07-31
2026-07-01 00:00:00.000;ICASSATEST;ICAS South Africa (Test Preview);United Kingdom;Lyra Southern Africa Pty Ltd;view;-;Desktop;Infosheet;How to Prioritize When Everything Feels Urgent;-;Prioritization,Change;DirectEntry;1;2026-07-01 - 2026-07-31
2026-07-01 00:00:00.000;ICASSATEST;ICAS South Africa (Test Preview);United Kingdom;Lyra Southern Africa Pty Ltd;view;-;Desktop;Infosheet;Perspective Shifts for Creative Problem Solving;-;Problem solving;Search;1;2026-07-01 - 2026-07-31
2026-07-01 00:00:00.000;ICASSATEST;ICAS South Africa (Test Preview);United Kingdom;Lyra Southern Africa Pty Ltd;view;-;Desktop;Infosheet;Lyra Global Insights Map Flyer;-;Lyra Wellbeing Services;Search;1;2026-07-01 - 2026-07-31
2026-07-01 00:00:00.000;ICASSATEST;ICAS South Africa (Test Preview);United Kingdom;Lyra Southern Africa Pty Ltd;view;-;Desktop;Infosheet;How to Prioritize Self-care;-;Self-care,Self-compassion;DirectEntry;1;2026-07-01 - 2026-07-31
2026-07-01 00:00:00.000;ICASSATEST;ICAS South Africa (Test Preview);United Kingdom;Lyra Southern Africa Pty Ltd;view;-;Desktop;Infosheet;30-Day Men's Wellness Calendar;-;Mental wellbeing,Physical wellbeing,Stress,Nutrition,Men's health;DirectEntry;1;2026-07-01 - 2026-07-31
2026-07-01 00:00:00.000;ICASSATEST;ICAS South Africa (Test Preview);United Kingdom;Lyra Southern Africa Pty Ltd;view;-;Desktop;Poster;Infographic: Anxiety and Depression Around the World;-;Mental wellbeing;DirectEntry;1;2026-07-01 - 2026-07-31
2026-07-01 00:00:00.000;ICASSATEST;ICAS South Africa (Test Preview);United Kingdom;Lyra Southern Africa Pty Ltd;view;-;Desktop;Infosheet;Supporting a Team Member Experiencing Family Problems;-;Relationships,Family;Search;1;2026-07-01 - 2026-07-31
2026-07-01 00:00:00.000;ICASSATEST;ICAS South Africa (Test Preview);United Kingdom;Lyra Southern Africa Pty Ltd;view;-;Desktop;Infosheet;Helping an Employee Through Substance Use Issues;-;Substance use,Addiction,Healthy workplace;Search;1;2026-07-01 - 2026-07-31
2026-07-01 00:00:00.000;ICASSATEST;ICAS South Africa (Test Preview);United Kingdom;Lyra Southern Africa Pty Ltd;view;-;Desktop;Infosheet;Perspective Shifts for Creative Problem Solving;-;Problem solving;DirectEntry;1;2026-07-01 - 2026-07-31
2026-07-01 00:00:00.000;ICASSATEST;ICAS South Africa (Test Preview);United Kingdom;Lyra Southern Africa Pty Ltd;view;-;Desktop;Infosheet;The 5 Whys of Creative Problem Solving;-;Problem solving;DirectEntry;1;2026-07-01 - 2026-07-31
2026-07-01 00:00:00.000;ICASSATEST;ICAS South Africa (Test Preview);United Kingdom;Lyra Southern Africa Pty Ltd;view;-;Desktop;Infosheet;How to Support Someone Through Change as a People Leader;-;Healthy workplace;Search;1;2026-07-01 - 2026-07-31
2026-07-01 00:00:00.000;ICASSATEST;ICAS South Africa (Test Preview);United Kingdom;Lyra Southern Africa Pty Ltd;view;-;Desktop;Infosheet;Managing Resistance to Change Within a Team;-;Healthy workplace;Search;1;2026-07-01 - 2026-07-31
2026-07-01 00:00:00.000;ICASSATEST;ICAS South Africa (Test Preview);United Kingdom;Lyra Southern Africa Pty Ltd;view;-;Desktop;Infosheet;How to Make the Workplace More Accessible;-;Healthy workplace,Physical wellbeing,Diversity and inclusivity,Mental wellbeing;Search;1;2026-07-01 - 2026-07-31
2026-07-01 00:00:00.000;ICASSATEST;ICAS South Africa (Test Preview);United Kingdom;Lyra Southern Africa Pty Ltd;view;-;Desktop;Infosheet;Supporting a Team Member Who is Struggling Financially;-;Financial wellbeing;Search;1;2026-07-01 - 2026-07-31
2026-07-01 00:00:00.000;ICASSATEST;ICAS South Africa (Test Preview);United Kingdom;Lyra Southern Africa Pty Ltd;view;-;Desktop;Infosheet;How to Support Coworkers with Autism;-;Healthy workplace;DirectEntry;1;2026-07-01 - 2026-07-31
2026-07-01 00:00:00.000;ICASSATEST;ICAS South Africa (Test Preview);United Kingdom;Lyra Southern Africa Pty Ltd;view;-;Desktop;Infosheet;30-Day Women's Wellness Calendar;-;Mental wellbeing,Physical wellbeing,Personal growth,Nutrition,Stress,Relationships,Burnout,Depression ,Exercise,Women's Health;DirectEntry;1;2026-07-01 - 2026-07-31
2026-07-01 00:00:00.000;ICASSATEST;ICAS South Africa (Test Preview);United Kingdom;Lyra Southern Africa Pty Ltd;view;-;Desktop;Infosheet;How Neurodiversity Can Affect Relationship Dynamics;-;Mental wellbeing,Relationships,Diversity and inclusivity;DirectEntry;1;2026-07-01 - 2026-07-31
2026-07-01 00:00:00.000;ICASSATEST;ICAS South Africa (Test Preview);United Kingdom;Lyra Southern Africa Pty Ltd;view;-;Desktop;Infosheet;How to Prioritize When Everything Feels Urgent;-;Prioritization,Change;Search;1;2026-07-01 - 2026-07-31
2026-07-01 00:00:00.000;ICASSATEST;ICAS South Africa (Test Preview);United Kingdom;Lyra Southern Africa Pty Ltd;view;-;Desktop;Infosheet;Clinical Assessment Tools- Measuring the Impact of Your EAP;-;Mental wellbeing;Search;1;2026-07-01 - 2026-07-31
2026-07-01 00:00:00.000;ICASSATEST;ICAS South Africa (Test Preview);United Kingdom;Lyra Southern Africa Pty Ltd;view;-;Desktop;Infosheet;Staying Grounded During Life Changes;-;Mental wellbeing,Grounding,Change;Search;1;2026-07-01 - 2026-07-31
2026-07-01 00:00:00.000;ICASSATEST;ICAS South Africa (Test Preview);United Kingdom;Lyra Southern Africa Pty Ltd;view;-;Desktop;Video;Mental health support: What happens when you contact Lyra?;-;;Search;1;2026-07-01 - 2026-07-31
2026-07-01 00:00:00.000;ICASSATEST;ICAS South Africa (Test Preview);United Kingdom;Lyra Southern Africa Pty Ltd;view;-;Desktop;Infosheet;The 5 Whys of Creative Problem Solving;-;Problem solving;Search;1;2026-07-01 - 2026-07-31
2026-07-01 00:00:00.000;ICASSATEST;ICAS South Africa (Test Preview);United Kingdom;Lyra Southern Africa Pty Ltd;view;-;Desktop;Video;How to request a consultation;-;Lyra Wellbeing Services,Mental wellbeing;Search;1;2026-07-01 - 2026-07-31
2026-07-01 00:00:00.000;ICASSATEST;ICAS South Africa (Test Preview);United Kingdom;Lyra Southern Africa Pty Ltd;view;-;Desktop;Infosheet;Understanding and Managing the Stress of Perimenopause;-;Physical wellbeing,Menopause,Women's Health;Search;1;2026-07-01 - 2026-07-31
2026-07-01 00:00:00.000;ICASSATEST;ICAS South Africa (Test Preview);United Kingdom;Lyra Southern Africa Pty Ltd;view;-;Desktop;Infosheet;The Emotional and Cultural Impact of Female Role Models;-;Mental wellbeing,Role models,Women;Search;1;2026-07-01 - 2026-07-31
2026-07-01 00:00:00.000;ICASSATEST;ICAS South Africa (Test Preview);United Kingdom;Lyra Southern Africa Pty Ltd;view;-;Desktop;Infosheet;Are There Health Benefits to Female Friendships?;-;Mental wellbeing,Women,Friendship;Search;1;2026-07-01 - 2026-07-31
2026-07-01 00:00:00.000;ICASSATEST;ICAS South Africa (Test Preview);United Kingdom;Lyra Southern Africa Pty Ltd;view;-;Desktop;Video;How to Request a Consultation;-;Lyra Wellbeing Services,Mental wellbeing;Search;1;2026-07-01 - 2026-07-31
2026-07-01 00:00:00.000;ICASSATEST;ICAS South Africa (Test Preview);United Kingdom;Lyra Southern Africa Pty Ltd;view;-;Desktop;Infosheet;Your Essential Guide to Women's Preventive Health Screenings;-;Physical wellbeing,Women's Health;Search;1;2026-07-01 - 2026-07-31
2026-07-01 00:00:00.000;ICASSATEST;ICAS South Africa (Test Preview);United Kingdom;Lyra Southern Africa Pty Ltd;view;-;Desktop;Infosheet;Are There Health Benefits to Female Friendships;-;Mental wellbeing,Women,Friendship;Search;1;2026-07-01 - 2026-07-31
2026-07-01 00:00:00.000;ICASSATEST;ICAS South Africa (Test Preview);United Kingdom;Lyra Southern Africa Pty Ltd;view;-;Desktop;Video;Create your personal account in Hub;-;Lyra Wellbeing Services;Search;1;2026-07-01 - 2026-07-31
2026-07-01 00:00:00.000;ICASSATEST;ICAS South Africa (Test Preview);United Kingdom;Lyra Southern Africa Pty Ltd;view;-;Desktop;Infosheet;5 Ways to Start a Conversation About Mental Health;-;Mental wellbeing;DirectEntry;1;2026-07-01 - 2026-07-31
2026-07-01 00:00:00.000;ICASSATEST;ICAS South Africa (Test Preview);United Kingdom;Lyra Southern Africa Pty Ltd;view;-;Desktop;Video;Box Breathing for Stressful Moments;-;Stress;DirectEntry;1;2026-07-01 - 2026-07-31
2026-07-01 00:00:00.000;ICASTESTCS;ICAS Client Services (Test Preview);Indonesia;Lyra Health International Ltd;download;-;Desktop;Video;Introducing Mercury | Access support materials for Lyra Wellbeing EAP;en;;Search;1;2026-07-01 - 2026-07-31
2026-07-01 00:00:00.000;ICASTESTCS;ICAS Client Services (Test Preview);Indonesia;Lyra Health International Ltd;search;mercury;Desktop;-;-;-;;;1;2026-07-01 - 2026-07-31
2026-07-01 00:00:00.000;ICASTESTCS;ICAS Client Services (Test Preview);Indonesia;Lyra Health International Ltd;search;n/a;Desktop;-;-;-;;;1;2026-07-01 - 2026-07-31
2026-07-01 00:00:00.000;ICASTESTCS;ICAS Client Services (Test Preview);Malaysia;Lyra Health International Ltd;search;partner;Desktop;-;-;-;;;1;2026-07-01 - 2026-07-31
2026-07-01 00:00:00.000;ICASTESTCS;ICAS Client Services (Test Preview);Malaysia;Lyra Health International Ltd;search;relationship;Desktop;-;-;-;;;1;2026-07-01 - 2026-07-31
2026-07-01 00:00:00.000;ICASTESTCS;ICAS Client Services (Test Preview);Malaysia;Lyra Health International Ltd;search;r;Desktop;-;-;-;;;1;2026-07-01 - 2026-07-31
2026-07-01 00:00:00.000;ICASTESTCS;ICAS Client Services (Test Preview);Malaysia;Lyra Health International Ltd;search;n/a;Desktop;-;-;-;;;1;2026-07-01 - 2026-07-31
2026-07-01 00:00:00.000;ICASTESTCS;ICAS Client Services (Test Preview);Malaysia;Lyra Health International Ltd;search;stress;Desktop;-;-;-;;;1;2026-07-01 - 2026-07-31
2026-07-01 00:00:00.000;ICASTESTCS;ICAS Client Services (Test Preview);Malaysia;Lyra Health International Ltd;search;s;Desktop;-;-;-;;;1;2026-07-01 - 2026-07-31
2026-07-01 00:00:00.000;ICASTESTCS;ICAS Client Services (Test Preview);Malaysia;Lyra Health International Ltd;search;stres;Desktop;-;-;-;;;1;2026-07-01 - 2026-07-31
2026-07-01 00:00:00.000;ICASTESTCS;ICAS Client Services (Test Preview);Malaysia;Lyra Health International Ltd;search;child;Desktop;-;-;-;;;1;2026-07-01 - 2026-07-31
2026-07-01 00:00:00.000;ICASTESTCS;ICAS Client Services (Test Preview);South Africa;Lyra Health International Ltd;download;-;Desktop;Video;Box Breathing for Stressful Moments;en;;DirectEntry;1;2026-07-01 - 2026-07-31
2026-07-01 00:00:00.000;ICASTESTCS;ICAS Client Services (Test Preview);South Africa;Lyra Health International Ltd;download;-;Desktop;Video;Short Guided Meditation for Moments of Stress;en;;Search;1;2026-07-01 - 2026-07-31
2026-07-01 00:00:00.000;ICASTESTCS;ICAS Client Services (Test Preview);South Africa;Lyra Health International Ltd;download;-;Desktop;Toolkit;Flashcards for Self-reflection;en;;Search;1;2026-07-01 - 2026-07-31
2026-07-01 00:00:00.000;ICASTESTCS;ICAS Client Services (Test Preview);South Africa;Lyra Health International Ltd;download;-;Desktop;Infosheet;Staying Grounded During Life Changes;en;;Search;2;2026-07-01 - 2026-07-31
2026-07-01 00:00:00.000;ICASTESTCS;ICAS Client Services (Test Preview);South Africa;Lyra Health International Ltd;download;-;Desktop;Infosheet;The Benefits of Creating a Personal Hub Account;en;;Search;1;2026-07-01 - 2026-07-31
2026-07-01 00:00:00.000;ICASTESTCS;ICAS Client Services (Test Preview);South Africa;Lyra Health International Ltd;download;-;Desktop;Video;Create your personal account in Hub;en;;Search;1;2026-07-01 - 2026-07-31
2026-07-01 00:00:00.000;ICASTESTCS;ICAS Client Services (Test Preview);South Africa;Lyra Health International Ltd;download;-;Desktop;Infosheet;FAQs: Your Personal Hub Account;en;;Search;1;2026-07-01 - 2026-07-31
2026-07-01 00:00:00.000;ICASTESTCS;ICAS Client Services (Test Preview);South Africa;Lyra Health International Ltd;download;-;Desktop;Infosheet;How to Create Your Account in the Lyra Wellbeing Hub;en;;Search;1;2026-07-01 - 2026-07-31
2026-07-01 00:00:00.000;ICASTESTCS;ICAS Client Services (Test Preview);South Africa;Lyra Health International Ltd;download;-;Desktop;Infosheet;11 Tips to Help Reduce Your Alcohol Intake;en;;Search;1;2026-07-01 - 2026-07-31
2026-07-01 00:00:00.000;ICASTESTCS;ICAS Client Services (Test Preview);South Africa;Lyra Health International Ltd;download;-;Desktop;Infosheet;10 Benefits of Reducing Your Alcohol Intake;en;;Search;1;2026-07-01 - 2026-07-31
2026-07-01 00:00:00.000;ICASTESTCS;ICAS Client Services (Test Preview);South Africa;Lyra Health International Ltd;download;-;Desktop;Toolkit;Toolkit for Reducing Substance Use;vi;;Search;1;2026-07-01 - 2026-07-31
2026-07-01 00:00:00.000;ICASTESTCS;ICAS Client Services (Test Preview);South Africa;Lyra Health International Ltd;download;-;Desktop;Toolkit;Toolkit for Reducing Substance Use;tr;;Search;1;2026-07-01 - 2026-07-31
2026-07-01 00:00:00.000;ICASTESTCS;ICAS Client Services (Test Preview);South Africa;Lyra Health International Ltd;download;-;Desktop;Toolkit;Toolkit for Reducing Substance Use;es_la;;Search;1;2026-07-01 - 2026-07-31
2026-07-01 00:00:00.000;ICASTESTCS;ICAS Client Services (Test Preview);South Africa;Lyra Health International Ltd;download;-;Desktop;Toolkit;Toolkit for Reducing Substance Use;es;;Search;1;2026-07-01 - 2026-07-31
2026-07-01 00:00:00.000;ICASTESTCS;ICAS Client Services (Test Preview);South Africa;Lyra Health International Ltd;download;-;Desktop;Toolkit;Toolkit for Reducing Substance Use;ru;;Search;1;2026-07-01 - 2026-07-31
2026-07-01 00:00:00.000;ICASTESTCS;ICAS Client Services (Test Preview);South Africa;Lyra Health International Ltd;download;-;Desktop;Toolkit;Toolkit for Reducing Substance Use;pt_pt;;Search;1;2026-07-01 - 2026-07-31
2026-07-01 00:00:00.000;ICASTESTCS;ICAS Client Services (Test Preview);South Africa;Lyra Health International Ltd;download;-;Desktop;Toolkit;Toolkit for Reducing Substance Use;pt_br;;Search;1;2026-07-01 - 2026-07-31
2026-07-01 00:00:00.000;ICASTESTCS;ICAS Client Services (Test Preview);South Africa;Lyra Health International Ltd;download;-;Desktop;Toolkit;Toolkit for Reducing Substance Use;pl;;Search;1;2026-07-01 - 2026-07-31
2026-07-01 00:00:00.000;ICASTESTCS;ICAS Client Services (Test Preview);South Africa;Lyra Health International Ltd;download;-;Desktop;Toolkit;Toolkit for Reducing Substance Use;ms;;Search;1;2026-07-01 - 2026-07-31
2026-07-01 00:00:00.000;ICASTESTCS;ICAS Client Services (Test Preview);South Africa;Lyra Health International Ltd;download;-;Desktop;Toolkit;Toolkit for Reducing Substance Use;ja;;Search;1;2026-07-01 - 2026-07-31
2026-07-01 00:00:00.000;ICASTESTCS;ICAS Client Services (Test Preview);South Africa;Lyra Health International Ltd;download;-;Desktop;Toolkit;Toolkit for Reducing Substance Use;it;;Search;1;2026-07-01 - 2026-07-31
2026-07-01 00:00:00.000;ICASTESTCS;ICAS Client Services (Test Preview);South Africa;Lyra Health International Ltd;download;-;Desktop;Toolkit;Toolkit for Reducing Substance Use;hu;;Search;1;2026-07-01 - 2026-07-31
2026-07-01 00:00:00.000;ICASTESTCS;ICAS Client Services (Test Preview);South Africa;Lyra Health International Ltd;download;-;Desktop;Toolkit;Toolkit for Reducing Substance Use;de;;Search;1;2026-07-01 - 2026-07-31
2026-07-01 00:00:00.000;ICASTESTCS;ICAS Client Services (Test Preview);South Africa;Lyra Health International Ltd;download;-;Desktop;Toolkit;Toolkit for Reducing Substance Use;fr;;Search;1;2026-07-01 - 2026-07-31
2026-07-01 00:00:00.000;ICASTESTCS;ICAS Client Services (Test Preview);South Africa;Lyra Health International Ltd;download;-;Desktop;Toolkit;Toolkit for Reducing Substance Use;nl;;Search;1;2026-07-01 - 2026-07-31
2026-07-01 00:00:00.000;ICASTESTCS;ICAS Client Services (Test Preview);South Africa;Lyra Health International Ltd;download;-;Desktop;Toolkit;Toolkit for Reducing Substance Use;cs;;Search;1;2026-07-01 - 2026-07-31
2026-07-01 00:00:00.000;ICASTESTCS;ICAS Client Services (Test Preview);South Africa;Lyra Health International Ltd;download;-;Desktop;Toolkit;Toolkit for Reducing Substance Use;zh_hant;;Search;1;2026-07-01 - 2026-07-31
2026-07-01 00:00:00.000;ICASTESTCS;ICAS Client Services (Test Preview);South Africa;Lyra Health International Ltd;download;-;Desktop;Toolkit;Toolkit for Reducing Substance Use;zh;;Search;1;2026-07-01 - 2026-07-31
2026-07-01 00:00:00.000;ICASTESTCS;ICAS Client Services (Test Preview);South Africa;Lyra Health International Ltd;download;-;Desktop;Toolkit;Toolkit for Reducing Substance Use;bg;;Search;1;2026-07-01 - 2026-07-31
2026-07-01 00:00:00.000;ICASTESTCS;ICAS Client Services (Test Preview);South Africa;Lyra Health International Ltd;download;-;Desktop;Toolkit;Toolkit for Reducing Substance Use;ar;;Search;1;2026-07-01 - 2026-07-31
2026-07-01 00:00:00.000;ICASTESTCS;ICAS Client Services (Test Preview);South Africa;Lyra Health International Ltd;download;-;Desktop;Toolkit;Toolkit for Reducing Substance Use;en;;Search;1;2026-07-01 - 2026-07-31
2026-07-01 00:00:00.000;ICASTESTCS;ICAS Client Services (Test Preview);South Africa;Lyra Health International Ltd;download;-;Desktop;Infosheet;5 Ways to Support Your Colleagues When They’re Stressed;en;;Search;1;2026-07-01 - 2026-07-31
2026-07-01 00:00:00.000;ICASTESTCS;ICAS Client Services (Test Preview);South Africa;Lyra Health International Ltd;download;-;Desktop;Infosheet;Journaling Exercises to Help With Stress Management;en;;Search;1;2026-07-01 - 2026-07-31
2026-07-01 00:00:00.000;ICASTESTCS;ICAS Client Services (Test Preview);South Africa;Lyra Health International Ltd;download;-;Desktop;Infosheet;Is All Stress Bad for Us?;en;;Search;1;2026-07-01 - 2026-07-31
2026-07-01 00:00:00.000;ICASTESTCS;ICAS Client Services (Test Preview);South Africa;Lyra Health International Ltd;download;-;Desktop;Infosheet;The Best Types of Exercise for Stress Management;en;;Search;1;2026-07-01 - 2026-07-31
2026-07-01 00:00:00.000;ICASTESTCS;ICAS Client Services (Test Preview);South Africa;Lyra Health International Ltd;download;-;Desktop;Infosheet;Use Case Poster - Coping with Personal Change;en;;Search;1;2026-07-01 - 2026-07-31
2026-07-01 00:00:00.000;ICASTESTCS;ICAS Client Services (Test Preview);South Africa;Lyra Health International Ltd;download;-;Desktop;Infosheet;Managing Resistance to Change Within a Team;en;;Search;1;2026-07-01 - 2026-07-31
2026-07-01 00:00:00.000;ICASTESTCS;ICAS Client Services (Test Preview);South Africa;Lyra Health International Ltd;download;-;Desktop;Poster;Use Case Poster - Coping With Organizational Change;en;;Search;1;2026-07-01 - 2026-07-31
2026-07-01 00:00:00.000;ICASTESTCS;ICAS Client Services (Test Preview);South Africa;Lyra Health International Ltd;download;-;Desktop;Infosheet;Why Listening to Feedback Matters for Managers;en;;Search;1;2026-07-01 - 2026-07-31
2026-07-01 00:00:00.000;ICASTESTCS;ICAS Client Services (Test Preview);South Africa;Lyra Health International Ltd;download;-;Desktop;Infosheet;How to Build Your Confidence as a Manager;en;;Search;1;2026-07-01 - 2026-07-31
2026-07-01 00:00:00.000;ICASTESTCS;ICAS Client Services (Test Preview);South Africa;Lyra Health International Ltd;download;-;Desktop;Infosheet;Practical Tips to Help You Lead By Example;en;;Search;1;2026-07-01 - 2026-07-31
2026-07-01 00:00:00.000;ICASTESTCS;ICAS Client Services (Test Preview);South Africa;Lyra Health International Ltd;download;-;Desktop;Infosheet;September Webinar Invitation: Psychological Safety for Leaders;en;;Search;1;2026-07-01 - 2026-07-31
2026-07-01 00:00:00.000;ICASTESTCS;ICAS Client Services (Test Preview);South Africa;Lyra Health International Ltd;download;-;Desktop;Infosheet;How to Cope With Change;en;;Search;2;2026-07-01 - 2026-07-31
2026-07-01 00:00:00.000;ICASTESTCS;ICAS Client Services (Test Preview);South Africa;Lyra Health International Ltd;download;-;Desktop;Infosheet;How to Manage Anxiety During a Public Health Crisis;en;;Search;1;2026-07-01 - 2026-07-31
2026-07-01 00:00:00.000;ICASTESTCS;ICAS Client Services (Test Preview);South Africa;Lyra Health International Ltd;download;-;Desktop;Infosheet;Hub Financial Calculator Poster;en;;Search;1;2026-07-01 - 2026-07-31
2026-07-01 00:00:00.000;ICASTESTCS;ICAS Client Services (Test Preview);South Africa;Lyra Health International Ltd;download;-;Desktop;Infosheet;Hub App Promo Leaflet;en;;Search;1;2026-07-01 - 2026-07-31
2026-07-01 00:00:00.000;ICASTESTCS;ICAS Client Services (Test Preview);South Africa;Lyra Health International Ltd;download;-;Desktop;Infosheet;Lyra Wellbeing Hub Guide;en;;Search;1;2026-07-01 - 2026-07-31
2026-07-01 00:00:00.000;ICASTESTCS;ICAS Client Services (Test Preview);South Africa;Lyra Health International Ltd;download;-;Desktop;Infosheet;How to Find a Balance Between Work and Parenting;en;;Search;1;2026-07-01 - 2026-07-31
2026-07-01 00:00:00.000;ICASTESTCS;ICAS Client Services (Test Preview);South Africa;Lyra Health International Ltd;download;-;Desktop;Infosheet;4 Ways to Improve Your Resilience at Work;en;;Search;1;2026-07-01 - 2026-07-31
2026-07-01 00:00:00.000;ICASTESTCS;ICAS Client Services (Test Preview);South Africa;Lyra Health International Ltd;download;-;Desktop;Infosheet;How to Maintain a Healthy Work-life Balance;en;;Search;1;2026-07-01 - 2026-07-31
2026-07-01 00:00:00.000;ICASTESTCS;ICAS Client Services (Test Preview);South Africa;Lyra Health International Ltd;download;-;Desktop;Infosheet;How to Keep Your Team Motivated After Lay-offs;en;;Search;1;2026-07-01 - 2026-07-31
2026-07-01 00:00:00.000;ICASTESTCS;ICAS Client Services (Test Preview);South Africa;Lyra Health International Ltd;download;-;Desktop;Infosheet;5 Self-care Tips for Holiday Season;en;;Search;1;2026-07-01 - 2026-07-31
2026-07-01 00:00:00.000;ICASTESTCS;ICAS Client Services (Test Preview);South Africa;Lyra Health International Ltd;download;-;Desktop;Infosheet;A Manager’s Guide to Developing Team Resilience;en;;Search;1;2026-07-01 - 2026-07-31
2026-07-01 00:00:00.000;ICASTESTCS;ICAS Client Services (Test Preview);South Africa;Lyra Health International Ltd;download;-;Desktop;Infosheet;How to be an Effective Manager;en;;Search;1;2026-07-01 - 2026-07-31
2026-07-01 00:00:00.000;ICASTESTCS;ICAS Client Services (Test Preview);South Africa;Lyra Health International Ltd;download;-;Desktop;Infosheet;How to Give Feedback Effectively;en;;Search;1;2026-07-01 - 2026-07-31
2026-07-01 00:00:00.000;ICASTESTCS;ICAS Client Services (Test Preview);South Africa;Lyra Health International Ltd;download;-;Desktop;Infosheet;The 5 Pillars of Resilience;en;;Search;1;2026-07-01 - 2026-07-31
2026-07-01 00:00:00.000;ICASTESTCS;ICAS Client Services (Test Preview);South Africa;Lyra Health International Ltd;download;-;Desktop;Infosheet;Affirmations to Help Build Self-esteem;en;;Search;1;2026-07-01 - 2026-07-31
2026-07-01 00:00:00.000;ICASTESTCS;ICAS Client Services (Test Preview);South Africa;Lyra Health International Ltd;download;-;Desktop;Toolkit;Geopolitical and Global Uncertainty Resources Pack;de;;Search;1;2026-07-01 - 2026-07-31
2026-07-01 00:00:00.000;ICASTESTCS;ICAS Client Services (Test Preview);South Africa;Lyra Health International Ltd;download;-;Desktop;Toolkit;Geopolitical and Global Uncertainty Resources Pack;en;;Search;1;2026-07-01 - 2026-07-31
2026-07-01 00:00:00.000;ICASTESTCS;ICAS Client Services (Test Preview);South Africa;Lyra Health International Ltd;download;-;Desktop;Infosheet;Use Case Poster - Substance Use Support;en;;Search;1;2026-07-01 - 2026-07-31
2026-07-01 00:00:00.000;ICASTESTCS;ICAS Client Services (Test Preview);South Africa;Lyra Health International Ltd;download;-;Desktop;Infosheet;How to Use Mercury 2.0;en;;Search;1;2026-07-01 - 2026-07-31
2026-07-01 00:00:00.000;ICASTESTCS;ICAS Client Services (Test Preview);South Africa;Lyra Health International Ltd;download;-;Desktop;Infosheet;Lyra Global Insights Map Flyer;en;;Search;1;2026-07-01 - 2026-07-31
2026-07-01 00:00:00.000;ICASTESTCS;ICAS Client Services (Test Preview);South Africa;Lyra Health International Ltd;download;-;Desktop;Infosheet;Signs Someone May Be Struggling With Their Mental Health;en;;Search;1;2026-07-01 - 2026-07-31
2026-07-01 00:00:00.000;ICASTESTCS;ICAS Client Services (Test Preview);South Africa;Lyra Health International Ltd;download;-;Desktop;Video;Mental health support: What happens when you contact Lyra?;en;;Search;1;2026-07-01 - 2026-07-31
2026-07-01 00:00:00.000;ICASTESTCS;ICAS Client Services (Test Preview);South Africa;Lyra Health International Ltd;download;-;Desktop;Infosheet;5 Ways to Start a Conversation About Mental Health;en;;Search;1;2026-07-01 - 2026-07-31
2026-07-01 00:00:00.000;ICASTESTCS;ICAS Client Services (Test Preview);South Africa;Lyra Health International Ltd;download;-;Desktop;Infosheet;How to Talk to Loved Ones About Your Mental Health Needs;en;;Search;1;2026-07-01 - 2026-07-31
2026-07-01 00:00:00.000;ICASTESTCS;ICAS Client Services (Test Preview);South Africa;Lyra Health International Ltd;search;n/a;Desktop;-;-;-;;;8;2026-07-01 - 2026-07-31
2026-07-01 00:00:00.000;ICASTESTCS;ICAS Client Services (Test Preview);South Africa;Lyra Health International Ltd;search;pluxee;Desktop;-;-;-;;;1;2026-07-01 - 2026-07-31
2026-07-01 00:00:00.000;ICASTESTCS;ICAS Client Services (Test Preview);South Africa;Lyra Health International Ltd;search;breathing;Desktop;-;-;-;;;1;2026-07-01 - 2026-07-31
2026-07-01 00:00:00.000;ICASTESTCS;ICAS Client Services (Test Preview);South Africa;Lyra Health International Ltd;search;box breathing;Desktop;-;-;-;;;1;2026-07-01 - 2026-07-31
2026-07-01 00:00:00.000;ICASTESTCS;ICAS Client Services (Test Preview);South Africa;Lyra Health International Ltd;search;Neuropsychology of Change;Desktop;-;-;-;;;1;2026-07-01 - 2026-07-31
2026-07-01 00:00:00.000;ICASTESTCS;ICAS Client Services (Test Preview);South Africa;Lyra Health International Ltd;search;Change;Desktop;-;-;-;;;1;2026-07-01 - 2026-07-31
2026-07-01 00:00:00.000;ICASTESTCS;ICAS Client Services (Test Preview);South Africa;Lyra Health International Ltd;search;assessment on hub;Desktop;-;-;-;;;1;2026-07-01 - 2026-07-31
2026-07-01 00:00:00.000;ICASTESTCS;ICAS Client Services (Test Preview);South Africa;Lyra Health International Ltd;search;self assessment on hub;Desktop;-;-;-;;;1;2026-07-01 - 2026-07-31
2026-07-01 00:00:00.000;ICASTESTCS;ICAS Client Services (Test Preview);South Africa;Lyra Health International Ltd;search;disability;Desktop;-;-;-;;;1;2026-07-01 - 2026-07-31
2026-07-01 00:00:00.000;ICASTESTCS;ICAS Client Services (Test Preview);South Africa;Lyra Health International Ltd;search;alcohol;Desktop;-;-;-;;;1;2026-07-01 - 2026-07-31
2026-07-01 00:00:00.000;ICASTESTCS;ICAS Client Services (Test Preview);South Africa;Lyra Health International Ltd;search;substance;Desktop;-;-;-;;;1;2026-07-01 - 2026-07-31
2026-07-01 00:00:00.000;ICASTESTCS;ICAS Client Services (Test Preview);South Africa;Lyra Health International Ltd;search;managing stress;Desktop;-;-;-;;;1;2026-07-01 - 2026-07-31
2026-07-01 00:00:00.000;ICASTESTCS;ICAS Client Services (Test Preview);South Africa;Lyra Health International Ltd;search;impact of change;Desktop;-;-;-;;;1;2026-07-01 - 2026-07-31
2026-07-01 00:00:00.000;ICASTESTCS;ICAS Client Services (Test Preview);South Africa;Lyra Health International Ltd;search;leaders;Desktop;-;-;-;;;1;2026-07-01 - 2026-07-31
2026-07-01 00:00:00.000;ICASTESTCS;ICAS Client Services (Test Preview);South Africa;Lyra Health International Ltd;search;grit;Desktop;-;-;-;;;1;2026-07-01 - 2026-07-31
2026-07-01 00:00:00.000;ICASTESTCS;ICAS Client Services (Test Preview);South Africa;Lyra Health International Ltd;search;change;Desktop;-;-;-;;;1;2026-07-01 - 2026-07-31
2026-07-01 00:00:00.000;ICASTESTCS;ICAS Client Services (Test Preview);South Africa;Lyra Health International Ltd;search;nueropsycology of change;Desktop;-;-;-;;;1;2026-07-01 - 2026-07-31
2026-07-01 00:00:00.000;ICASTESTCS;ICAS Client Services (Test Preview);South Africa;Lyra Health International Ltd;search;rheumatic;Desktop;-;-;-;;;1;2026-07-01 - 2026-07-31
2026-07-01 00:00:00.000;ICASTESTCS;ICAS Client Services (Test Preview);South Africa;Lyra Health International Ltd;search;rheumtic;Desktop;-;-;-;;;1;2026-07-01 - 2026-07-31
2026-07-01 00:00:00.000;ICASTESTCS;ICAS Client Services (Test Preview);South Africa;Lyra Health International Ltd;search;human papillomavirus;Desktop;-;-;-;;;1;2026-07-01 - 2026-07-31
2026-07-01 00:00:00.000;ICASTESTCS;ICAS Client Services (Test Preview);South Africa;Lyra Health International Ltd;search;hpv;Desktop;-;-;-;;;1;2026-07-01 - 2026-07-31
2026-07-01 00:00:00.000;ICASTESTCS;ICAS Client Services (Test Preview);South Africa;Lyra Health International Ltd;search;Organ & Tissue;Desktop;-;-;-;;;1;2026-07-01 - 2026-07-31
2026-07-01 00:00:00.000;ICASTESTCS;ICAS Client Services (Test Preview);South Africa;Lyra Health International Ltd;search;Organ & Tissue donor;Desktop;-;-;-;;;1;2026-07-01 - 2026-07-31
2026-07-01 00:00:00.000;ICASTESTCS;ICAS Client Services (Test Preview);South Africa;Lyra Health International Ltd;search;hub;Desktop;-;-;-;;;1;2026-07-01 - 2026-07-31
2026-07-01 00:00:00.000;ICASTESTCS;ICAS Client Services (Test Preview);South Africa;Lyra Health International Ltd;search;balance;Desktop;-;-;-;;;1;2026-07-01 - 2026-07-31
2026-07-01 00:00:00.000;ICASTESTCS;ICAS Client Services (Test Preview);South Africa;Lyra Health International Ltd;search;family care;Desktop;-;-;-;;;1;2026-07-01 - 2026-07-31
2026-07-01 00:00:00.000;ICASTESTCS;ICAS Client Services (Test Preview);South Africa;Lyra Health International Ltd;search;SAFETY;Desktop;-;-;-;;;1;2026-07-01 - 2026-07-31
2026-07-01 00:00:00.000;ICASTESTCS;ICAS Client Services (Test Preview);South Africa;Lyra Health International Ltd;search;CHANGE;Desktop;-;-;-;;;1;2026-07-01 - 2026-07-31
2026-07-01 00:00:00.000;ICASTESTCS;ICAS Client Services (Test Preview);South Africa;Lyra Health International Ltd;search;RESILIENCE;Desktop;-;-;-;;;1;2026-07-01 - 2026-07-31
2026-07-01 00:00:00.000;ICASTESTCS;ICAS Client Services (Test Preview);South Africa;Lyra Health International Ltd;search;REDUNDANCY;Desktop;-;-;-;;;1;2026-07-01 - 2026-07-31
2026-07-01 00:00:00.000;ICASTESTCS;ICAS Client Services (Test Preview);South Africa;Lyra Health International Ltd;search;PSYCHOLOGICAL SAFETY;Desktop;-;-;-;;;1;2026-07-01 - 2026-07-31
2026-07-01 00:00:00.000;ICASTESTCS;ICAS Client Services (Test Preview);South Africa;Lyra Health International Ltd;search;RESTRUCTURING;Desktop;-;-;-;;;1;2026-07-01 - 2026-07-31
2026-07-01 00:00:00.000;ICASTESTCS;ICAS Client Services (Test Preview);South Africa;Lyra Health International Ltd;search;CHANGES AT WORK;Desktop;-;-;-;;;1;2026-07-01 - 2026-07-31
2026-07-01 00:00:00.000;ICASTESTCS;ICAS Client Services (Test Preview);South Africa;Lyra Health International Ltd;search;manager consulting;Desktop;-;-;-;;;1;2026-07-01 - 2026-07-31
2026-07-01 00:00:00.000;ICASTESTCS;ICAS Client Services (Test Preview);South Africa;Lyra Health International Ltd;search;qiagen;Desktop;-;-;-;;;1;2026-07-01 - 2026-07-31
2026-07-01 00:00:00.000;ICASTESTCS;ICAS Client Services (Test Preview);South Africa;Lyra Health International Ltd;search;resilience;Desktop;-;-;-;;;1;2026-07-01 - 2026-07-31
2026-07-01 00:00:00.000;ICASTESTCS;ICAS Client Services (Test Preview);South Africa;Lyra Health International Ltd;search;being an ally;Desktop;-;-;-;;;1;2026-07-01 - 2026-07-31
2026-07-01 00:00:00.000;ICASTESTCS;ICAS Client Services (Test Preview);South Africa;Lyra Health International Ltd;search;violence in the news;Desktop;-;-;-;;;1;2026-07-01 - 2026-07-31
2026-07-01 00:00:00.000;ICASTESTCS;ICAS Client Services (Test Preview);South Africa;Lyra Health International Ltd;search;psychological safety;Desktop;-;-;-;;;1;2026-07-01 - 2026-07-31
2026-07-01 00:00:00.000;ICASTESTCS;ICAS Client Services (Test Preview);South Africa;Lyra Health International Ltd;search;lgbtq;Desktop;-;-;-;;;1;2026-07-01 - 2026-07-31
2026-07-01 00:00:00.000;ICASTESTCS;ICAS Client Services (Test Preview);South Africa;Lyra Health International Ltd;search;violence;Desktop;-;-;-;;;1;2026-07-01 - 2026-07-31
2026-07-01 00:00:00.000;ICASTESTCS;ICAS Client Services (Test Preview);South Africa;Lyra Health International Ltd;search;substance abuse;Desktop;-;-;-;;;1;2026-07-01 - 2026-07-31
2026-07-01 00:00:00.000;ICASTESTCS;ICAS Client Services (Test Preview);South Africa;Lyra Health International Ltd;search;overdose;Desktop;-;-;-;;;1;2026-07-01 - 2026-07-31
2026-07-01 00:00:00.000;ICASTESTCS;ICAS Client Services (Test Preview);South Africa;Lyra Health International Ltd;search;mercury;Desktop;-;-;-;;;1;2026-07-01 - 2026-07-31
2026-07-01 00:00:00.000;ICASTESTCS;ICAS Client Services (Test Preview);South Africa;Lyra Health International Ltd;search;8 signs of a healthy body and mind;Desktop;-;-;-;;;1;2026-07-01 - 2026-07-31
2026-07-01 00:00:00.000;ICASTESTCS;ICAS Client Services (Test Preview);South Africa;Lyra Health International Ltd;search;8 Signs of a healthy body and mind;Desktop;-;-;-;;;1;2026-07-01 - 2026-07-31
2026-07-01 00:00:00.000;ICASTESTCS;ICAS Client Services (Test Preview);South Africa;Lyra Health International Ltd;search;mental health;Desktop;-;-;-;;;1;2026-07-01 - 2026-07-31
2026-07-01 00:00:00.000;ICASTESTCS;ICAS Client Services (Test Preview);South Africa;Lyra Health International Ltd;view;-;Desktop;Video;Box Breathing for Stressful Moments;-;Stress;DirectEntry;1;2026-07-01 - 2026-07-31
2026-07-01 00:00:00.000;ICASTESTCS;ICAS Client Services (Test Preview);South Africa;Lyra Health International Ltd;view;-;Desktop;Infosheet;How to Support Someone Experiencing Domestic Violence;-;Mental wellbeing;Search;1;2026-07-01 - 2026-07-31
2026-07-01 00:00:00.000;ICASTESTCS;ICAS Client Services (Test Preview);South Africa;Lyra Health International Ltd;view;-;Desktop;Infosheet;How to Cope With Change;-;Mental wellbeing,Healthy workplace;Search;1;2026-07-01 - 2026-07-31
2026-07-01 00:00:00.000;ICASTESTCS;ICAS Client Services (Test Preview);South Africa;Lyra Health International Ltd;view;-;Desktop;Infosheet;Staying Grounded During Life Changes;-;Mental wellbeing,Grounding,Change;Search;1;2026-07-01 - 2026-07-31
2026-07-01 00:00:00.000;ICASTESTCS;ICAS Client Services (Test Preview);South Africa;Lyra Health International Ltd;view;-;Desktop;Infosheet;Managing Resistance to Change Within a Team;-;Healthy workplace;Search;1;2026-07-01 - 2026-07-31
2026-07-01 00:00:00.000;ICASTESTCS;ICAS Client Services (Test Preview);South Africa;Lyra Health International Ltd;view;-;Desktop;Infosheet;A Manager’s Guide to Developing Team Resilience;-;Healthy workplace;Search;1;2026-07-01 - 2026-07-31
2026-07-01 00:00:00.000;ICASTESTCS;ICAS Client Services (Test Preview);South Africa;Lyra Health International Ltd;view;-;Desktop;Infosheet;How to Keep Your Team Motivated After Lay-offs;-;Healthy workplace,Layoffs,Redundancy,Motivation;Search;1;2026-07-01 - 2026-07-31
2026-07-01 00:00:00.000;ICASTESTCS;ICAS Client Services (Test Preview);South Africa;Lyra Health International Ltd;view;-;Desktop;Infosheet;Digital Safety Checklist;-;Digital wellbeing;Search;1;2026-07-01 - 2026-07-31
2026-07-01 00:00:00.000;ICASTESTCS;ICAS Client Services (Test Preview);South Africa;Lyra Health International Ltd;view;-;Desktop;Infosheet;How Psychological Approaches Can Help Manage Loneliness;-;Mental wellbeing,Loneliness;Search;1;2026-07-01 - 2026-07-31
2026-07-01 00:00:00.000;ICASTESTCS;ICAS Client Services (Test Preview);South Africa;Lyra Health International Ltd;view;-;Desktop;Infosheet;How to Stop Comparing Yourself To Others;-;Mental wellbeing,Self-compassion,Self-care;Search;1;2026-07-01 - 2026-07-31
2026-07-01 00:00:00.000;ICASTESTCS;ICAS Client Services (Test Preview);South Africa;Lyra Health International Ltd;view;-;Desktop;Infosheet;How to Prioritize Self-care;-;Self-care,Self-compassion;Search;1;2026-07-01 - 2026-07-31
2026-07-01 00:00:00.000;ICASTESTCS;ICAS Client Services (Test Preview);South Africa;Lyra Health International Ltd;view;-;Desktop;Infosheet;How to Look After Your Heart;-;Physical wellbeing;Search;1;2026-07-01 - 2026-07-31
2026-07-01 00:00:00.000;ICASTESTCS;ICAS Client Services (Test Preview);South Africa;Lyra Health International Ltd;view;-;Desktop;Infosheet;11 Tips to Help Reduce Your Alcohol Intake;-;Physical wellbeing,Mental wellbeing;Search;1;2026-07-01 - 2026-07-31
2026-07-01 00:00:00.000;ICASTESTCS;ICAS Client Services (Test Preview);South Africa;Lyra Health International Ltd;view;-;Desktop;Infosheet;5 Self-care Tips for Holiday Season;-;Mental wellbeing;Search;1;2026-07-01 - 2026-07-31
2026-07-01 00:00:00.000;ICASTESTCS;ICAS Client Services (Test Preview);South Africa;Lyra Health International Ltd;view;-;Desktop;Infosheet;Supporting and Empowering Employee Identity in the Workplace;-;Healthy workplace;Search;1;2026-07-01 - 2026-07-31
2026-07-01 00:00:00.000;ICASTESTCS;ICAS Client Services (Test Preview);South Africa;Lyra Health International Ltd;view;-;Desktop;Infosheet;How to be an Effective Manager;-;Mental wellbeing,Healthy workplace;Search;1;2026-07-01 - 2026-07-31
2026-07-01 00:00:00.000;ICASTESTCS;ICAS Client Services (Test Preview);South Africa;Lyra Health International Ltd;view;-;Desktop;Poster;Use Case Poster - Coping With Organizational Change;-;Mental wellbeing,Healthy workplace,Lyra Wellbeing Services;Search;1;2026-07-01 - 2026-07-31
2026-07-01 00:00:00.000;ICASTESTCS;ICAS Client Services (Test Preview);South Africa;Lyra Health International Ltd;view;-;Desktop;Infosheet;How to Give Feedback Effectively;-;Healthy workplace,Management;Search;1;2026-07-01 - 2026-07-31
2026-07-01 00:00:00.000;ICASTESTCS;ICAS Client Services (Test Preview);South Africa;Lyra Health International Ltd;view;-;Desktop;Infosheet;Helping an Employee Through Substance Use Issues;-;Substance use,Addiction,Healthy workplace;Search;1;2026-07-01 - 2026-07-31
2026-07-01 00:00:00.000;ICASTESTCS;ICAS Client Services (Test Preview);South Africa;Lyra Health International Ltd;view;-;Desktop;Infosheet;Clinical Assessment Tools - Measuring the Impact of Your EAP;-;Mental wellbeing;Search;1;2026-07-01 - 2026-07-31
2026-07-01 00:00:00.000;ICASTESTCS;ICAS Client Services (Test Preview);South Africa;Lyra Health International Ltd;view;-;Desktop;Infosheet;The 5 Pillars of Resilience;-;Healthy workplace,Mental wellbeing;Search;1;2026-07-01 - 2026-07-31
2026-07-01 00:00:00.000;ICASTESTCS;ICAS Client Services (Test Preview);South Africa;Lyra Health International Ltd;view;-;Desktop;Infosheet;Affirmations to Help Build Self-esteem;-;Mental wellbeing,Affirmation,Self-compassion;Search;1;2026-07-01 - 2026-07-31
2026-07-01 00:00:00.000;ICASTESTCS;ICAS Client Services (Test Preview);South Africa;Lyra Health International Ltd;view;-;Desktop;Infosheet;How to Create a Family Safety Plan;-;Family;Search;1;2026-07-01 - 2026-07-31
2026-07-01 00:00:00.000;ICASTESTCS;ICAS Client Services (Test Preview);South Africa;Lyra Health International Ltd;view;-;Desktop;Toolkit;Geopolitical and Global Uncertainty Resources Pack;-;Mental wellbeing,Anxiety;Search;1;2026-07-01 - 2026-07-31
2026-07-01 00:00:00.000;ICASTESTCS;ICAS Client Services (Test Preview);South Africa;Lyra Health International Ltd;view;-;Desktop;Infosheet;How to Keep Safe in the Sun;-;Physical wellbeing;Search;1;2026-07-01 - 2026-07-31
2026-07-01 00:00:00.000;ICASTESTCS;ICAS Client Services (Test Preview);South Africa;Lyra Health International Ltd;view;-;Desktop;Infosheet;The 5 Whys of Creative Problem Solving;-;Problem solving;Search;2;2026-07-01 - 2026-07-31
2026-07-01 00:00:00.000;ICASTESTCS;ICAS Client Services (Test Preview);South Africa;Lyra Health International Ltd;view;-;Desktop;Infosheet;Ways We Can All Join the Fight Against Gender-Based Violence;-;Mental wellbeing,Diversity and inclusivity,Relationships,Gender;Search;1;2026-07-01 - 2026-07-31
2026-07-01 00:00:00.000;ICASTESTCS;ICAS Client Services (Test Preview);South Africa;Lyra Health International Ltd;view;-;Desktop;Infosheet;Use Case Poster - Substance Use Support;-;Healthy workplace,Substance use,Substance,Addiction;Search;1;2026-07-01 - 2026-07-31
2026-07-01 00:00:00.000;ICASTESTCS;ICAS Client Services (Test Preview);South Africa;Lyra Health International Ltd;view;-;Desktop;Infosheet;Joining a Lyra Open Webinar Has Never Been Easier;-;Lyra Wellbeing Services;Search;1;2026-07-01 - 2026-07-31
2026-07-01 00:00:00.000;ICASTESTCS;ICAS Client Services (Test Preview);South Africa;Lyra Health International Ltd;view;-;Desktop;Infosheet;Lyra Global Insights Map Flyer;-;Lyra Wellbeing Services;Search;1;2026-07-01 - 2026-07-31
2026-07-01 00:00:00.000;ICASTESTCS;ICAS Client Services (Test Preview);South Africa;Lyra Health International Ltd;view;-;Desktop;Infosheet;9 Ways to Beat Loneliness and Create Community for Remote Workers;-;Healthy workplace,Mental wellbeing;Search;1;2026-07-01 - 2026-07-31
2026-07-01 00:00:00.000;ICASTESTCS;ICAS Client Services (Test Preview);South Africa;Lyra Health International Ltd;view;-;Desktop;Infosheet;Signs Someone May Be Struggling With Their Mental Health;-;Mental wellbeing,Relationships;Search;1;2026-07-01 - 2026-07-31
2026-07-01 00:00:00.000;ICASTESTCS;ICAS Client Services (Test Preview);South Africa;Lyra Health International Ltd;view;-;Desktop;Infosheet;5 Ways to Start a Conversation About Mental Health;-;Mental wellbeing;Search;1;2026-07-01 - 2026-07-31
2026-07-01 00:00:00.000;ICASTESTCS;ICAS Client Services (Test Preview);South Africa;Lyra Health International Ltd;view;-;Desktop;Infosheet;How to Talk to Loved Ones About Your Mental Health Needs;-;Mental wellbeing;Search;1;2026-07-01 - 2026-07-31
2026-07-01 00:00:00.000;ICASTESTCS;ICAS Client Services (Test Preview);South Africa;Lyra Health International Ltd;view;-;Desktop;Video;Mental health support: What happens when you contact Lyra?;-;;Search;1;2026-07-01 - 2026-07-31
2026-07-01 00:00:00.000;ICASTESTCS;ICAS Client Services (Test Preview);Spain;Lyra Health International Ltd;download;-;Desktop;Infosheet;How to Make Friends as an Adult;en;;Search;1;2026-07-01 - 2026-07-31
2026-07-01 00:00:00.000;ICASTESTCS;ICAS Client Services (Test Preview);Spain;Lyra Health International Ltd;download;-;Desktop;Infosheet;Supporting a Team Member Who is Having Relationship Problems;en;;Search;1;2026-07-01 - 2026-07-31
2026-07-01 00:00:00.000;ICASTESTCS;ICAS Client Services (Test Preview);Spain;Lyra Health International Ltd;download;-;Desktop;Infosheet;5 Self-care Tips for Holiday Season;en;;Search;1;2026-07-01 - 2026-07-31
2026-07-01 00:00:00.000;ICASTESTCS;ICAS Client Services (Test Preview);Spain;Lyra Health International Ltd;download;-;Desktop;Infosheet;10 Benefits of Reducing Your Alcohol Intake;en;;Search;1;2026-07-01 - 2026-07-31
2026-07-01 00:00:00.000;ICASTESTCS;ICAS Client Services (Test Preview);Spain;Lyra Health International Ltd;download;-;Desktop;Infosheet;How to Maintain a Healthy Work-life Balance;en;;Search;1;2026-07-01 - 2026-07-31
2026-07-01 00:00:00.000;ICASTESTCS;ICAS Client Services (Test Preview);Spain;Lyra Health International Ltd;download;-;Desktop;Infosheet;How to Cope With Burnout;en;;Search;1;2026-07-01 - 2026-07-31
2026-07-01 00:00:00.000;ICASTESTCS;ICAS Client Services (Test Preview);Spain;Lyra Health International Ltd;download;-;Desktop;Infosheet;How to Relax Without Feeling Guilty;en;;Search;1;2026-07-01 - 2026-07-31
2026-07-01 00:00:00.000;ICASTESTCS;ICAS Client Services (Test Preview);Spain;Lyra Health International Ltd;search;adult relationships;Desktop;-;-;-;;;1;2026-07-01 - 2026-07-31
2026-07-01 00:00:00.000;ICASTESTCS;ICAS Client Services (Test Preview);Spain;Lyra Health International Ltd;search;relationships;Desktop;-;-;-;;;1;2026-07-01 - 2026-07-31
2026-07-01 00:00:00.000;ICASTESTCS;ICAS Client Services (Test Preview);Spain;Lyra Health International Ltd;search;healthy;Desktop;-;-;-;;;1;2026-07-01 - 2026-07-31
2026-07-01 00:00:00.000;ICASTESTCS;ICAS Client Services (Test Preview);Spain;Lyra Health International Ltd;search;relationship;Desktop;-;-;-;;;1;2026-07-01 - 2026-07-31
2026-07-01 00:00:00.000;ICASTESTCS;ICAS Client Services (Test Preview);Spain;Lyra Health International Ltd;search;n/a;Desktop;-;-;-;;;1;2026-07-01 - 2026-07-31
2026-07-01 00:00:00.000;ICASTESTCS;ICAS Client Services (Test Preview);Spain;Lyra Health International Ltd;search;holiday;Desktop;-;-;-;;;1;2026-07-01 - 2026-07-31
2026-07-01 00:00:00.000;ICASTESTCS;ICAS Client Services (Test Preview);Spain;Lyra Health International Ltd;search;self-care;Desktop;-;-;-;;;1;2026-07-01 - 2026-07-31
2026-07-01 00:00:00.000;ICASTESTCS;ICAS Client Services (Test Preview);Spain;Lyra Health International Ltd;search;relax;Desktop;-;-;-;;;1;2026-07-01 - 2026-07-31
2026-07-01 00:00:00.000;ICASTESTCS;ICAS Client Services (Test Preview);Spain;Lyra Health International Ltd;search;work;Desktop;-;-;-;;;1;2026-07-01 - 2026-07-31
2026-07-01 00:00:00.000;ICASTESTCS;ICAS Client Services (Test Preview);Spain;Lyra Health International Ltd;search;disconnect;Desktop;-;-;-;;;1;2026-07-01 - 2026-07-31
2026-07-01 00:00:00.000;ICASTESTCS;ICAS Client Services (Test Preview);Spain;Lyra Health International Ltd;search;child;Desktop;-;-;-;;;1;2026-07-01 - 2026-07-31
2026-07-01 00:00:00.000;ICASTESTCS;ICAS Client Services (Test Preview);Spain;Lyra Health International Ltd;search;Summer;Desktop;-;-;-;;;1;2026-07-01 - 2026-07-31
2026-07-01 00:00:00.000;ICASTESTCS;ICAS Client Services (Test Preview);Spain;Lyra Health International Ltd;search;summer;Desktop;-;-;-;;;1;2026-07-01 - 2026-07-31
2026-07-01 00:00:00.000;ICASTESTCS;ICAS Client Services (Test Preview);Spain;Lyra Health International Ltd;search;Self-care;Desktop;-;-;-;;;1;2026-07-01 - 2026-07-31
2026-07-01 00:00:00.000;ICASTESTCS;ICAS Client Services (Test Preview);Spain;Lyra Health International Ltd;search;alcohol;Desktop;-;-;-;;;1;2026-07-01 - 2026-07-31
2026-07-01 00:00:00.000;ICASTESTCS;ICAS Client Services (Test Preview);Spain;Lyra Health International Ltd;search;balance;Desktop;-;-;-;;;1;2026-07-01 - 2026-07-31
2026-07-01 00:00:00.000;ICASTESTCS;ICAS Client Services (Test Preview);Spain;Lyra Health International Ltd;search;vacation;Desktop;-;-;-;;;1;2026-07-01 - 2026-07-31
2026-07-01 00:00:00.000;ICASTESTCS;ICAS Client Services (Test Preview);Spain;Lyra Health International Ltd;search;rest;Desktop;-;-;-;;;1;2026-07-01 - 2026-07-31
2026-07-01 00:00:00.000;ICASTESTCS;ICAS Client Services (Test Preview);United Kingdom;Lyra Health International Ltd;create;-;Desktop;-;-;-;Lyra Wellbeing Services;undefined;1;2026-07-01 - 2026-07-31
2026-07-01 00:00:00.000;ICASTESTCS;ICAS Client Services (Test Preview);United Kingdom;Lyra Health International Ltd;create;-;Desktop;-;-;-;Stress;undefined;1;2026-07-01 - 2026-07-31
2026-07-01 00:00:00.000;ICASTESTCS;ICAS Client Services (Test Preview);United Kingdom;Lyra Health International Ltd;download;-;Desktop;Infosheet;Creating A Wellbeing Routine Around Work Shifts;en;;Search;1;2026-07-01 - 2026-07-31
2026-07-01 00:00:00.000;ICASTESTCS;ICAS Client Services (Test Preview);United Kingdom;Lyra Health International Ltd;download;-;Desktop;Infosheet;Caring for Your Musculoskeletal Health at Work;en;;Search;2;2026-07-01 - 2026-07-31
2026-07-01 00:00:00.000;ICASTESTCS;ICAS Client Services (Test Preview);United Kingdom;Lyra Health International Ltd;download;-;Desktop;Toolkit;Neurodiversity at Work: A Guide for Managers;en;;Search;1;2026-07-01 - 2026-07-31
2026-07-01 00:00:00.000;ICASTESTCS;ICAS Client Services (Test Preview);United Kingdom;Lyra Health International Ltd;download;-;Desktop;Infosheet;How to Cope With Burnout;en;;Search;1;2026-07-01 - 2026-07-31
2026-07-01 00:00:00.000;ICASTESTCS;ICAS Client Services (Test Preview);United Kingdom;Lyra Health International Ltd;download;-;Desktop;Infosheet;Coping with Grief After Loss;en;;Search;1;2026-07-01 - 2026-07-31
2026-07-01 00:00:00.000;ICASTESTCS;ICAS Client Services (Test Preview);United Kingdom;Lyra Health International Ltd;download;-;Desktop;Infosheet;5 Ways to Manage Mental Health at Work;en;;Search;1;2026-07-01 - 2026-07-31
2026-07-01 00:00:00.000;ICASTESTCS;ICAS Client Services (Test Preview);United Kingdom;Lyra Health International Ltd;download;-;Desktop;Infosheet;Coping with Anxiety in the Workplace;en;;Search;1;2026-07-01 - 2026-07-31
2026-07-01 00:00:00.000;ICASTESTCS;ICAS Client Services (Test Preview);United Kingdom;Lyra Health International Ltd;download;-;Desktop;Toolkit;Geopolitical and Global Uncertainty Resources Pack;en;;Search;2;2026-07-01 - 2026-07-31
2026-07-01 00:00:00.000;ICASTESTCS;ICAS Client Services (Test Preview);United Kingdom;Lyra Health International Ltd;download;-;Desktop;Video;UK Insights map;en;;Search;1;2026-07-01 - 2026-07-31
2026-07-01 00:00:00.000;ICASTESTCS;ICAS Client Services (Test Preview);United Kingdom;Lyra Health International Ltd;download;-;Desktop;Infosheet;How to Cope With Change;en;;Search;1;2026-07-01 - 2026-07-31
2026-07-01 00:00:00.000;ICASTESTCS;ICAS Client Services (Test Preview);United Kingdom;Lyra Health International Ltd;download;-;Desktop;Infosheet;Staying Grounded During Life Changes;en;;Search;1;2026-07-01 - 2026-07-31
2026-07-01 00:00:00.000;ICASTESTCS;ICAS Client Services (Test Preview);United Kingdom;Lyra Health International Ltd;download;-;Desktop;Infosheet;How to Prioritize When Everything Feels Urgent;en;;Search;1;2026-07-01 - 2026-07-31
2026-07-01 00:00:00.000;ICASTESTCS;ICAS Client Services (Test Preview);United Kingdom;Lyra Health International Ltd;search;n/a;Desktop;-;-;-;;;4;2026-07-01 - 2026-07-31
2026-07-01 00:00:00.000;ICASTESTCS;ICAS Client Services (Test Preview);United Kingdom;Lyra Health International Ltd;search;"""shifts""";Desktop;-;-;-;;;1;2026-07-01 - 2026-07-31
2026-07-01 00:00:00.000;ICASTESTCS;ICAS Client Services (Test Preview);United Kingdom;Lyra Health International Ltd;search;"""musculoskeletal""";Desktop;-;-;-;;;1;2026-07-01 - 2026-07-31
2026-07-01 00:00:00.000;ICASTESTCS;ICAS Client Services (Test Preview);United Kingdom;Lyra Health International Ltd;search;"""neurodiversity""";Desktop;-;-;-;;;1;2026-07-01 - 2026-07-31
2026-07-01 00:00:00.000;ICASTESTCS;ICAS Client Services (Test Preview);United Kingdom;Lyra Health International Ltd;search;9 tips;Desktop;-;-;-;;;1;2026-07-01 - 2026-07-31
2026-07-01 00:00:00.000;ICASTESTCS;ICAS Client Services (Test Preview);United Kingdom;Lyra Health International Ltd;search;"""daily wellness check-in""";Desktop;-;-;-;;;1;2026-07-01 - 2026-07-31
2026-07-01 00:00:00.000;ICASTESTCS;ICAS Client Services (Test Preview);United Kingdom;Lyra Health International Ltd;search;"""feedback""";Desktop;-;-;-;;;1;2026-07-01 - 2026-07-31
2026-07-01 00:00:00.000;ICASTESTCS;ICAS Client Services (Test Preview);United Kingdom;Lyra Health International Ltd;search;women's;Desktop;-;-;-;;;1;2026-07-01 - 2026-07-31
2026-07-01 00:00:00.000;ICASTESTCS;ICAS Client Services (Test Preview);United Kingdom;Lyra Health International Ltd;search;"""check""";Desktop;-;-;-;;;1;2026-07-01 - 2026-07-31
2026-07-01 00:00:00.000;ICASTESTCS;ICAS Client Services (Test Preview);United Kingdom;Lyra Health International Ltd;search;"""talk""";Desktop;-;-;-;;;1;2026-07-01 - 2026-07-31
2026-07-01 00:00:00.000;ICASTESTCS;ICAS Client Services (Test Preview);United Kingdom;Lyra Health International Ltd;search;burnout;Desktop;-;-;-;;;1;2026-07-01 - 2026-07-31
2026-07-01 00:00:00.000;ICASTESTCS;ICAS Client Services (Test Preview);United Kingdom;Lyra Health International Ltd;search;anxiety;Desktop;-;-;-;;;1;2026-07-01 - 2026-07-31
2026-07-01 00:00:00.000;ICASTESTCS;ICAS Client Services (Test Preview);United Kingdom;Lyra Health International Ltd;search;crisis events;Desktop;-;-;-;;;1;2026-07-01 - 2026-07-31
2026-07-01 00:00:00.000;ICASTESTCS;ICAS Client Services (Test Preview);United Kingdom;Lyra Health International Ltd;search;crisis;Desktop;-;-;-;;;1;2026-07-01 - 2026-07-31
2026-07-01 00:00:00.000;ICASTESTCS;ICAS Client Services (Test Preview);United Kingdom;Lyra Health International Ltd;search;grief;Desktop;-;-;-;;;1;2026-07-01 - 2026-07-31
2026-07-01 00:00:00.000;ICASTESTCS;ICAS Client Services (Test Preview);United Kingdom;Lyra Health International Ltd;search;stress at work;Desktop;-;-;-;;;1;2026-07-01 - 2026-07-31
2026-07-01 00:00:00.000;ICASTESTCS;ICAS Client Services (Test Preview);United Kingdom;Lyra Health International Ltd;search;neurodiversity;Desktop;-;-;-;;;1;2026-07-01 - 2026-07-31
2026-07-01 00:00:00.000;ICASTESTCS;ICAS Client Services (Test Preview);United Kingdom;Lyra Health International Ltd;search;uncertainty;Desktop;-;-;-;;;1;2026-07-01 - 2026-07-31
2026-07-01 00:00:00.000;ICASTESTCS;ICAS Client Services (Test Preview);United Kingdom;Lyra Health International Ltd;search;organisational change;Desktop;-;-;-;;;1;2026-07-01 - 2026-07-31
2026-07-01 00:00:00.000;ICASTESTCS;ICAS Client Services (Test Preview);United Kingdom;Lyra Health International Ltd;search;stress;Desktop;-;-;-;;;1;2026-07-01 - 2026-07-31
2026-07-01 00:00:00.000;ICASTESTCS;ICAS Client Services (Test Preview);United Kingdom;Lyra Health International Ltd;search;redundancy;Desktop;-;-;-;;;1;2026-07-01 - 2026-07-31
2026-07-01 00:00:00.000;ICASTESTCS;ICAS Client Services (Test Preview);United Kingdom;Lyra Health International Ltd;update;-;Desktop;-;-;-;Mental wellbeing;undefined;1;2026-07-01 - 2026-07-31
2026-07-01 00:00:00.000;ICASTESTCS;ICAS Client Services (Test Preview);United Kingdom;Lyra Health International Ltd;update;-;Desktop;-;-;-;Absenteeism;undefined;1;2026-07-01 - 2026-07-31
2026-07-01 00:00:00.000;ICASTESTCS;ICAS Client Services (Test Preview);United Kingdom;Lyra Health International Ltd;update;-;Desktop;-;-;-;Healthy workplace;undefined;1;2026-07-01 - 2026-07-31
2026-07-01 00:00:00.000;ICASTESTCS;ICAS Client Services (Test Preview);United Kingdom;Lyra Health International Ltd;update;-;Desktop;-;-;-;Problem solving;undefined;1;2026-07-01 - 2026-07-31
2026-07-01 00:00:00.000;ICASTESTCS;ICAS Client Services (Test Preview);United Kingdom;Lyra Health International Ltd;update;-;Desktop;-;-;-;Mental wellbeing,Women,Friendship;undefined;1;2026-07-01 - 2026-07-31
2026-07-01 00:00:00.000;ICASTESTCS;ICAS Client Services (Test Preview);United Kingdom;Lyra Health International Ltd;update;-;Desktop;-;-;-;Mental wellbeing,Role models,Women;undefined;1;2026-07-01 - 2026-07-31
2026-07-01 00:00:00.000;ICASTESTCS;ICAS Client Services (Test Preview);United Kingdom;Lyra Health International Ltd;update;-;Desktop;-;-;-;Physical wellbeing,Menopause,Women's Health;undefined;1;2026-07-01 - 2026-07-31
2026-07-01 00:00:00.000;ICASTESTCS;ICAS Client Services (Test Preview);United Kingdom;Lyra Health International Ltd;update;-;Desktop;-;-;-;Physical wellbeing,Women's Health;undefined;1;2026-07-01 - 2026-07-31
2026-07-01 00:00:00.000;ICASTESTCS;ICAS Client Services (Test Preview);United Kingdom;Lyra Health International Ltd;update;-;Desktop;-;-;-;Lyra Wellbeing Services,Mental wellbeing;undefined;1;2026-07-01 - 2026-07-31
2026-07-01 00:00:00.000;ICASTESTCS;ICAS Client Services (Test Preview);United Kingdom;Lyra Health International Ltd;view;-;Desktop;Infosheet;Clinical Assessment Tools- Measuring the Impact of Your EAP;-;Mental wellbeing;Search;1;2026-07-01 - 2026-07-31
2026-07-01 00:00:00.000;ICASTESTCS;ICAS Client Services (Test Preview);United Kingdom;Lyra Health International Ltd;view;-;Desktop;Infosheet;5 Ways to Start a Conversation About Mental Health;-;Mental wellbeing;Search;1;2026-07-01 - 2026-07-31
2026-07-01 00:00:00.000;ICASTESTCS;ICAS Client Services (Test Preview);United Kingdom;Lyra Health International Ltd;view;-;Desktop;Infosheet;Understanding and Preventing Absenteeism;-;Absenteeism;Search;1;2026-07-01 - 2026-07-31
2026-07-01 00:00:00.000;ICASTESTCS;ICAS Client Services (Test Preview);United Kingdom;Lyra Health International Ltd;view;-;Desktop;Infosheet;How to Build a Team Culture Where it’s Safe to Speak Up;-;Healthy workplace;Search;1;2026-07-01 - 2026-07-31
2026-07-01 00:00:00.000;ICASTESTCS;ICAS Client Services (Test Preview);United Kingdom;Lyra Health International Ltd;view;-;Desktop;Infosheet;Creating A Wellbeing Routine Around Work Shifts;-;Healthy workplace,Mental wellbeing;Search;1;2026-07-01 - 2026-07-31
2026-07-01 00:00:00.000;ICASTESTCS;ICAS Client Services (Test Preview);United Kingdom;Lyra Health International Ltd;view;-;Desktop;Infosheet;Caring for Your Musculoskeletal Health at Work;-;Physical wellbeing;Search;1;2026-07-01 - 2026-07-31
2026-07-01 00:00:00.000;ICASTESTCS;ICAS Client Services (Test Preview);United Kingdom;Lyra Health International Ltd;view;-;Desktop;Infosheet;Perspective Shifts for Creative Problem Solving;-;Problem solving;Search;1;2026-07-01 - 2026-07-31
2026-07-01 00:00:00.000;ICASTESTCS;ICAS Client Services (Test Preview);United Kingdom;Lyra Health International Ltd;view;-;Desktop;Infosheet;The 5 Whys of Creative Problem Solving;-;Problem solving;Search;1;2026-07-01 - 2026-07-31
2026-07-01 00:00:00.000;ICASTESTCS;ICAS Client Services (Test Preview);United Kingdom;Lyra Health International Ltd;view;-;Desktop;Video;Lyra Wellbeing clinical intake tools: How we track your progress;-;Lyra Wellbeing Services;Search;1;2026-07-01 - 2026-07-31
2026-07-01 00:00:00.000;ICASTESTCS;ICAS Client Services (Test Preview);United Kingdom;Lyra Health International Ltd;view;-;Desktop;Toolkit;Neurodiversity at Work: A Guide for Managers;-;Neurodiversity;Search;1;2026-07-01 - 2026-07-31
2026-07-01 00:00:00.000;ICASTESTCS;ICAS Client Services (Test Preview);United Kingdom;Lyra Health International Ltd;view;-;Desktop;Infosheet;Are There Health Benefits to Female Friendships;-;Mental wellbeing,Women,Friendship;Search;1;2026-07-01 - 2026-07-31
2026-07-01 00:00:00.000;ICASTESTCS;ICAS Client Services (Test Preview);United Kingdom;Lyra Health International Ltd;view;-;Desktop;Infosheet;The Emotional and Cultural Impact of Female Role Models;-;Mental wellbeing,Role models,Women;Search;1;2026-07-01 - 2026-07-31
2026-07-01 00:00:00.000;ICASTESTCS;ICAS Client Services (Test Preview);United Kingdom;Lyra Health International Ltd;view;-;Desktop;Infosheet;Understanding and Managing the Stress of Perimenopause;-;Physical wellbeing,Menopause,Women's Health;Search;1;2026-07-01 - 2026-07-31
2026-07-01 00:00:00.000;ICASTESTCS;ICAS Client Services (Test Preview);United Kingdom;Lyra Health International Ltd;view;-;Desktop;Infosheet;Your Essential Guide to Women's Preventive Health Screenings;-;Physical wellbeing,Women's Health;Search;1;2026-07-01 - 2026-07-31
2026-07-01 00:00:00.000;ICASTESTCS;ICAS Client Services (Test Preview);United Kingdom;Lyra Health International Ltd;view;-;Desktop;Video;How to request a consultation;-;Lyra Wellbeing Services,Mental wellbeing;Search;1;2026-07-01 - 2026-07-31
2026-07-01 00:00:00.000;ICASTESTCS;ICAS Client Services (Test Preview);United Kingdom;Lyra Health International Ltd;view;-;Desktop;Infosheet;Statistics on Men's Health;-;Mental wellbeing,Physical wellbeing;DirectEntry;1;2026-07-01 - 2026-07-31
2026-07-01 00:00:00.000;ICASTESTCS;ICAS Client Services (Test Preview);United Kingdom;Lyra Health International Ltd;view;-;Desktop;Infosheet;How to Prioritize When Everything Feels Urgent;-;Prioritization,Change;News;1;2026-07-01 - 2026-07-31
2026-07-01 00:00:00.000;ICASTESTCS;ICAS Client Services (Test Preview);United Kingdom;Lyra Health International Ltd;view;-;Desktop;Video;Box Breathing for Stressful Moments;-;Stress;DirectEntry;2;2026-07-01 - 2026-07-31
2026-07-01 00:00:00.000;ICASTESTCS;ICAS Client Services (Test Preview);United Kingdom;Lyra Health International Ltd;view;-;Desktop;Video;Box Breathing for Stressful Moments;-;Stress;Search;1;2026-07-01 - 2026-07-31
2026-07-01 00:00:00.000;ICASTESTCS;ICAS Client Services (Test Preview);United States;Lyra Health International Ltd;download;-;Desktop;Infosheet;How to Lower Your Risk of Type 2 Diabetes;en;;Search;1;2026-07-01 - 2026-07-31
2026-07-01 00:00:00.000;ICASTESTCS;ICAS Client Services (Test Preview);United States;Lyra Health International Ltd;download;-;Desktop;Infosheet;Affirmations to Help Build Self-esteem;en;;Search;1;2026-07-01 - 2026-07-31
2026-07-01 00:00:00.000;ICASTESTCS;ICAS Client Services (Test Preview);United States;Lyra Health International Ltd;download;-;Desktop;Infosheet;How Self-compassion Can Help You Achieve Your Fitness Goals;en;;Search;1;2026-07-01 - 2026-07-31
2026-07-01 00:00:00.000;ICASTESTCS;ICAS Client Services (Test Preview);United States;Lyra Health International Ltd;download;-;Desktop;Infosheet;Finding the Balance Between Health Goals and Self-Acceptance;en;;Search;1;2026-07-01 - 2026-07-31
2026-07-01 00:00:00.000;ICASTESTCS;ICAS Client Services (Test Preview);United States;Lyra Health International Ltd;download;-;Desktop;Infosheet;How to Stop Overcommitting;en;;Search;1;2026-07-01 - 2026-07-31
2026-07-01 00:00:00.000;ICASTESTCS;ICAS Client Services (Test Preview);United States;Lyra Health International Ltd;download;-;Desktop;Infosheet;How to Prioritize Self-care;en;;Search;1;2026-07-01 - 2026-07-31
2026-07-01 00:00:00.000;ICASTESTCS;ICAS Client Services (Test Preview);United States;Lyra Health International Ltd;download;-;Desktop;Infosheet;Resolving Family Conflict During the Holidays;en;;Search;1;2026-07-01 - 2026-07-31
2026-07-01 00:00:00.000;ICASTESTCS;ICAS Client Services (Test Preview);United States;Lyra Health International Ltd;download;-;Desktop;Infosheet;How to Cope With Loneliness During the Holidays;en;;Search;1;2026-07-01 - 2026-07-31
2026-07-01 00:00:00.000;ICASTESTCS;ICAS Client Services (Test Preview);United States;Lyra Health International Ltd;download;-;Desktop;Infosheet;5 Self-care Tips for Holiday Season;en;;Search;1;2026-07-01 - 2026-07-31
2026-07-01 00:00:00.000;ICASTESTCS;ICAS Client Services (Test Preview);United States;Lyra Health International Ltd;download;-;Desktop;Infosheet;5 Ways to Start Your New Year Right;en;;Search;1;2026-07-01 - 2026-07-31
2026-07-01 00:00:00.000;ICASTESTCS;ICAS Client Services (Test Preview);United States;Lyra Health International Ltd;download;-;Desktop;Infosheet;How to manage money worries over the holidays;en;;Search;1;2026-07-01 - 2026-07-31
2026-07-01 00:00:00.000;ICASTESTCS;ICAS Client Services (Test Preview);United States;Lyra Health International Ltd;download;-;Desktop;Infosheet;Hub App Promo Leaflet;en;;Search;1;2026-07-01 - 2026-07-31
2026-07-01 00:00:00.000;ICASTESTCS;ICAS Client Services (Test Preview);United States;Lyra Health International Ltd;download;-;Desktop;Infosheet;Lyra Wellbeing Hub Service Poster;en;;Search;1;2026-07-01 - 2026-07-31
2026-07-01 00:00:00.000;ICASTESTCS;ICAS Client Services (Test Preview);United States;Lyra Health International Ltd;download;-;Desktop;Infosheet;Caring for Your Mental Wellbeing During Crisis;es_la;;Search;1;2026-07-01 - 2026-07-31
2026-07-01 00:00:00.000;ICASTESTCS;ICAS Client Services (Test Preview);United States;Lyra Health International Ltd;download;-;Desktop;Infosheet;Caring for Your Mental Wellbeing During Crisis;en;;Search;1;2026-07-01 - 2026-07-31
2026-07-01 00:00:00.000;ICASTESTCS;ICAS Client Services (Test Preview);United States;Lyra Health International Ltd;download;-;Desktop;Infosheet;How to Support Your Children During a Crisis;en;;Search;1;2026-07-01 - 2026-07-31
2026-07-01 00:00:00.000;ICASTESTCS;ICAS Client Services (Test Preview);United States;Lyra Health International Ltd;download;-;Desktop;Poster;Use Case Poster: Coping With Trauma;es_la;;Search;1;2026-07-01 - 2026-07-31
2026-07-01 00:00:00.000;ICASTESTCS;ICAS Client Services (Test Preview);United States;Lyra Health International Ltd;download;-;Desktop;Poster;Use Case Poster: Coping With Trauma;en;;Search;1;2026-07-01 - 2026-07-31
2026-07-01 00:00:00.000;ICASTESTCS;ICAS Client Services (Test Preview);United States;Lyra Health International Ltd;download;-;Desktop;Infosheet;Supporting an Employee Affected by Trauma;es_la;;Search;1;2026-07-01 - 2026-07-31
2026-07-01 00:00:00.000;ICASTESTCS;ICAS Client Services (Test Preview);United States;Lyra Health International Ltd;download;-;Desktop;Infosheet;Supporting an Employee Affected by Trauma;en;;Search;1;2026-07-01 - 2026-07-31
2026-07-01 00:00:00.000;ICASTESTCS;ICAS Client Services (Test Preview);United States;Lyra Health International Ltd;download;-;Desktop;Infosheet;What to Expect When You Contact Lyra;en;;Search;1;2026-07-01 - 2026-07-31
2026-07-01 00:00:00.000;ICASTESTCS;ICAS Client Services (Test Preview);United States;Lyra Health International Ltd;download;-;Desktop;Toolkit;Lyra Wellbeing Employee Onboarding Toolkit 2026;en;;Search;1;2026-07-01 - 2026-07-31
2026-07-01 00:00:00.000;ICASTESTCS;ICAS Client Services (Test Preview);United States;Lyra Health International Ltd;download;-;Desktop;Infosheet;Privacy and Confidentiality;en;;Search;1;2026-07-01 - 2026-07-31
2026-07-01 00:00:00.000;ICASTESTCS;ICAS Client Services (Test Preview);United States;Lyra Health International Ltd;download;-;Desktop;Infosheet;What Is Your EAP?;en;;Search;1;2026-07-01 - 2026-07-31
2026-07-01 00:00:00.000;ICASTESTCS;ICAS Client Services (Test Preview);United States;Lyra Health International Ltd;download;-;Desktop;Infosheet;5 Ways to Support Your Colleagues When They’re Stressed;es_la;;DirectEntry;1;2026-07-01 - 2026-07-31
2026-07-01 00:00:00.000;ICASTESTCS;ICAS Client Services (Test Preview);United States;Lyra Health International Ltd;download;-;Desktop;Infosheet;5 Ways to Support Your Colleagues When They’re Stressed;en;;DirectEntry;1;2026-07-01 - 2026-07-31
2026-07-01 00:00:00.000;ICASTESTCS;ICAS Client Services (Test Preview);United States;Lyra Health International Ltd;search;Year;Desktop;-;-;-;;;1;2026-07-01 - 2026-07-31
2026-07-01 00:00:00.000;ICASTESTCS;ICAS Client Services (Test Preview);United States;Lyra Health International Ltd;search;Diabetic;Desktop;-;-;-;;;1;2026-07-01 - 2026-07-31
2026-07-01 00:00:00.000;ICASTESTCS;ICAS Client Services (Test Preview);United States;Lyra Health International Ltd;search;n/a;Desktop;-;-;-;;;3;2026-07-01 - 2026-07-31
2026-07-01 00:00:00.000;ICASTESTCS;ICAS Client Services (Test Preview);United States;Lyra Health International Ltd;search;diabetes;Desktop;-;-;-;;;1;2026-07-01 - 2026-07-31
2026-07-01 00:00:00.000;ICASTESTCS;ICAS Client Services (Test Preview);United States;Lyra Health International Ltd;search;rest;Desktop;-;-;-;;;1;2026-07-01 - 2026-07-31
2026-07-01 00:00:00.000;ICASTESTCS;ICAS Client Services (Test Preview);United States;Lyra Health International Ltd;search;re;Desktop;-;-;-;;;1;2026-07-01 - 2026-07-31
2026-07-01 00:00:00.000;ICASTESTCS;ICAS Client Services (Test Preview);United States;Lyra Health International Ltd;search;reset;Desktop;-;-;-;;;1;2026-07-01 - 2026-07-31
2026-07-01 00:00:00.000;ICASTESTCS;ICAS Client Services (Test Preview);United States;Lyra Health International Ltd;search;Yea;Desktop;-;-;-;;;1;2026-07-01 - 2026-07-31
2026-07-01 00:00:00.000;ICASTESTCS;ICAS Client Services (Test Preview);United States;Lyra Health International Ltd;search;Ye;Desktop;-;-;-;;;1;2026-07-01 - 2026-07-31
2026-07-01 00:00:00.000;ICASTESTCS;ICAS Client Services (Test Preview);United States;Lyra Health International Ltd;search;End;Desktop;-;-;-;;;1;2026-07-01 - 2026-07-31
2026-07-01 00:00:00.000;ICASTESTCS;ICAS Client Services (Test Preview);United States;Lyra Health International Ltd;search;Year End;Desktop;-;-;-;;;1;2026-07-01 - 2026-07-31
2026-07-01 00:00:00.000;ICASTESTCS;ICAS Client Services (Test Preview);United States;Lyra Health International Ltd;search;Holiday;Desktop;-;-;-;;;1;2026-07-01 - 2026-07-31
2026-07-01 00:00:00.000;ICASTESTCS;ICAS Client Services (Test Preview);United States;Lyra Health International Ltd;search;colleagues;Desktop;-;-;-;;;1;2026-07-01 - 2026-07-31
2026-07-01 00:00:00.000;ICASTESTCS;ICAS Client Services (Test Preview);United States;Lyra Health International Ltd;search;difficult times;Desktop;-;-;-;;;1;2026-07-01 - 2026-07-31
2026-07-01 00:00:00.000;ICASTESTCS;ICAS Client Services (Test Preview);United States;Lyra Health International Ltd;search;coworkers;Desktop;-;-;-;;;1;2026-07-01 - 2026-07-31
2026-07-01 00:00:00.000;ICASTESTCS;ICAS Client Services (Test Preview);United States;Lyra Health International Ltd;search;helping coworkers;Desktop;-;-;-;;;1;2026-07-01 - 2026-07-31
2026-07-01 00:00:00.000;ICASTESTCS;ICAS Client Services (Test Preview);United States;Lyra Health International Ltd;search;hub;Desktop;-;-;-;;;1;2026-07-01 - 2026-07-31
2026-07-01 00:00:00.000;ICASTESTCS;ICAS Client Services (Test Preview);United States;Lyra Health International Ltd;search;crisis;Desktop;-;-;-;;;1;2026-07-01 - 2026-07-31
2026-07-01 00:00:00.000;ICASTESTCS;ICAS Client Services (Test Preview);United States;Lyra Health International Ltd;search;trauma;Desktop;-;-;-;;;1;2026-07-01 - 2026-07-31
2026-07-01 00:00:00.000;ICASTESTCS;ICAS Client Services (Test Preview);United States;Lyra Health International Ltd;search;promotion;Desktop;-;-;-;;;1;2026-07-01 - 2026-07-31
2026-07-01 00:00:00.000;ICASTESTCS;ICAS Client Services (Test Preview);United States;Lyra Health International Ltd;search;stress;Desktop;-;-;-;;;1;2026-07-01 - 2026-07-31
2026-07-01 00:00:00.000;ICASTESTCS;ICAS Client Services (Test Preview);United States;Lyra Health International Ltd;search;grief;Desktop;-;-;-;;;1;2026-07-01 - 2026-07-31
2026-07-01 00:00:00.000;ICASTESTCS;ICAS Client Services (Test Preview);United States;Lyra Health International Ltd;search;employee;Desktop;-;-;-;;;1;2026-07-01 - 2026-07-31
2026-07-01 00:00:00.000;ICASTESTCS;ICAS Client Services (Test Preview);United States;Lyra Health International Ltd;search;assault;Desktop;-;-;-;;;1;2026-07-01 - 2026-07-31
2026-07-01 00:00:00.000;ICASTESTCS;ICAS Client Services (Test Preview);United States;Lyra Health International Ltd;view;-;Desktop;Infosheet;How to Lower Your Risk of Type 2 Diabetes;-;Physical wellbeing,Diabetes;Search;1;2026-07-01 - 2026-07-31
2026-07-01 00:00:00.000;ICASTESTCS;ICAS Client Services (Test Preview);United States;Lyra Health International Ltd;view;-;Desktop;Infosheet;Supporting a Team Member Experiencing Family Problems;-;Relationships,Family;Search;1;2026-07-01 - 2026-07-31
2026-07-01 00:00:00.000;ICASTESTCS;ICAS Client Services (Test Preview);United States;Lyra Health International Ltd;view;-;Desktop;Infosheet;How Self-compassion Can Help You Achieve Your Fitness Goals;-;Physical wellbeing,Self-compassion;Search;1;2026-07-01 - 2026-07-31
2026-07-01 00:00:00.000;ICASTESTCS;ICAS Client Services (Test Preview);United States;Lyra Health International Ltd;view;-;Desktop;Infosheet;Finding the Balance Between Health Goals and Self-Acceptance;-;Physical wellbeing,Mental wellbeing,Nutrition,Self-care;Search;1;2026-07-01 - 2026-07-31
2026-07-01 00:00:00.000;ICASTESTCS;ICAS Client Services (Test Preview);United States;Lyra Health International Ltd;view;-;Desktop;Infosheet;Resolving Family Conflict During the Holidays;-;Mental wellbeing;Search;1;2026-07-01 - 2026-07-31
2026-07-01 00:00:00.000;ICASTESTCS;ICAS Client Services (Test Preview);United States;Lyra Health International Ltd;view;-;Desktop;Infosheet;5 Self-care Tips for Holiday Season;-;Mental wellbeing;Search;1;2026-07-01 - 2026-07-31
2026-07-01 00:00:00.000;ICASTESTCS;ICAS Client Services (Test Preview);United States;Lyra Health International Ltd;view;-;Desktop;Infosheet;5 Ways to Start Your New Year Right;-;Mental wellbeing,Personal growth,Financial wellbeing,Stress,Physical wellbeing;Search;1;2026-07-01 - 2026-07-31
2026-07-01 00:00:00.000;ICASTESTCS;ICAS Client Services (Test Preview);United States;Lyra Health International Ltd;view;-;Desktop;Infosheet;5 Ways to Support Your Colleagues When They’re Stressed;-;Healthy workplace,Stress;Search;1;2026-07-01 - 2026-07-31
2026-07-01 00:00:00.000;ICASTESTCS;ICAS Client Services (Test Preview);United States;Lyra Health International Ltd;view;-;Desktop;Infosheet;How to Build Effective Relationships With Your Coworkers;-;;Search;1;2026-07-01 - 2026-07-31
2026-07-01 00:00:00.000;ICASTESTCS;ICAS Client Services (Test Preview);United States;Lyra Health International Ltd;view;-;Desktop;Infosheet;How to Support Your Children During a Crisis;-;Mental wellbeing,Parenting;Search;1;2026-07-01 - 2026-07-31
2026-07-01 00:00:00.000;ICASTESTCS;ICAS Client Services (Test Preview);United States;Lyra Health International Ltd;view;-;Desktop;Poster;Use Case Poster: Coping With Trauma;-;Mental wellbeing;Search;1;2026-07-01 - 2026-07-31
2026-07-01 00:00:00.000;ICASTESTCS;ICAS Client Services (Test Preview);United States;Lyra Health International Ltd;view;-;Desktop;Infosheet;Supporting an Employee Affected by Trauma;-;Mental wellbeing,Healthy workplace;Search;1;2026-07-01 - 2026-07-31
2026-07-01 00:00:00.000;ICASTESTCS;ICAS Client Services (Test Preview);United States;Lyra Health International Ltd;view;-;Desktop;Infosheet;Caring for Your Mental Wellbeing During Crisis;-;Mental wellbeing,Lyra Wellbeing Services;Search;1;2026-07-01 - 2026-07-31
2026-07-01 00:00:00.000;ICASTESTCS;ICAS Client Services (Test Preview);United States;Lyra Health International Ltd;view;-;Desktop;Infosheet;What Is Your EAP?;-;Mental wellbeing,Healthy workplace,Lyra Wellbeing Services;Search;1;2026-07-01 - 2026-07-31
2026-07-01 00:00:00.000;ICASTESTCS;ICAS Client Services (Test Preview);United States;Lyra Health International Ltd;view;-;Desktop;Infosheet;What to Expect When You Contact Lyra;-;Lyra Wellbeing Services;Search;1;2026-07-01 - 2026-07-31
2026-07-01 00:00:00.000;ICASTESTCS;ICAS Client Services (Test Preview);United States;Lyra Health International Ltd;view;-;Desktop;Toolkit;Lyra Wellbeing Employee Onboarding Toolkit 2026;-;Lyra Wellbeing Services;Search;1;2026-07-01 - 2026-07-31
2026-07-01 00:00:00.000;ICASTESTCS;ICAS Client Services (Test Preview);United States;Lyra Health International Ltd;view;-;Desktop;Infosheet;Privacy and Confidentiality;-;Mental wellbeing,Healthy workplace,Lyra Wellbeing Services;Search;1;2026-07-01 - 2026-07-31
2026-07-01 00:00:00.000;ICASTESTCS;ICAS Client Services (Test Preview);United States;Lyra Health International Ltd;view;-;Desktop;Infosheet;Coping With Stress;-;Mental wellbeing;DirectEntry;1;2026-07-01 - 2026-07-31
2026-07-01 00:00:00.000;ICASTESTCS;ICAS Client Services (Test Preview);United States;Lyra Health International Ltd;view;-;Desktop;Infosheet;5 Ways to Support Your Colleagues When They’re Stressed;-;Healthy workplace,Stress;DirectEntry;1;2026-07-01 - 2026-07-31
2026-07-01 00:00:00.000;ICASTESTCS;ICAS Client Services (Test Preview);United States;Lyra Health International Ltd;view;-;Desktop;Infosheet;How to Build Effective Relationships With Your Coworkers;-;;DirectEntry;1;2026-07-01 - 2026-07-31
2026-07-01 00:00:00.000;ICASTESTCS;ICAS Client Services (Test Preview);United States;Lyra Health International Ltd;view;-;Desktop;Infosheet;Supporting and Empowering Employee Identity in the Workplace;-;Healthy workplace;Search;1;2026-07-01 - 2026-07-31
2026-07-01 00:00:00.000;ICASTESTCS;ICAS Client Services (Test Preview);United States;Lyra Health International Ltd;view;-;Desktop;Infosheet;How to Have Open Conversations About Money;-;Mental wellbeing,Financial wellbeing;DirectEntry;1;2026-07-01 - 2026-07-31
2026-07-01 00:00:00.000;ICASTESTINDIA;ICAS India (Test Preview);India;Lyra Health International Ltd;search;n/a;Desktop;-;-;-;;;1;2026-07-01 - 2026-07-31
2026-07-01 00:00:00.000;ICASTESTOPS;Unmapped;South Africa;Unmapped;search;n/a;Desktop;-;-;-;;;1;2026-07-01 - 2026-07-31
2026-07-01 00:00:00.000;ICASTESTOPS;Unmapped;South Africa;Unmapped;search;Change;Desktop;-;-;-;;;1;2026-07-01 - 2026-07-31
2026-07-01 00:00:00.000;ICASTESTOPS;Unmapped;South Africa;Unmapped;search;telling;Desktop;-;-;-;;;1;2026-07-01 - 2026-07-31
2026-07-01 00:00:00.000;ICASXMERCURY;ICAS Mercury;Luxembourg;Lyra Health International Ltd;search;The Resilient Manager;Desktop;-;-;-;;;1;2026-07-01 - 2026-07-31
2026-07-01 00:00:00.000;ICASXMERCURY;ICAS Mercury;Luxembourg;Lyra Health International Ltd;search;n/a;Desktop;-;-;-;;;1;2026-07-01 - 2026-07-31
2026-07-01 00:00:00.000;ICASXMERCURY;ICAS Mercury;Spain;Lyra Health International Ltd;download;-;Desktop;Toolkit;Toolkit for Reducing Substance Use;es;;Search;1;2026-07-01 - 2026-07-31
2026-07-01 00:00:00.000;ICASXMERCURY;ICAS Mercury;Spain;Lyra Health International Ltd;download;-;Desktop;Infosheet;How to Stop Comparing Yourself To Others;en;;Search;1;2026-07-01 - 2026-07-31
2026-07-01 00:00:00.000;ICASXMERCURY;ICAS Mercury;Spain;Lyra Health International Ltd;download;-;Desktop;Infosheet;Setting Healthy Boundaries in the Workplace;es;;Search;1;2026-07-01 - 2026-07-31
2026-07-01 00:00:00.000;ICASXMERCURY;ICAS Mercury;Spain;Lyra Health International Ltd;search;How to Make Friends as an Adult;Desktop;-;-;-;;;1;2026-07-01 - 2026-07-31
2026-07-01 00:00:00.000;ICASXMERCURY;ICAS Mercury;Spain;Lyra Health International Ltd;search;5 Self-care Tips for Summer Holiday Season;Desktop;-;-;-;;;1;2026-07-01 - 2026-07-31
2026-07-01 00:00:00.000;ICASXMERCURY;ICAS Mercury;Spain;Lyra Health International Ltd;search;n/a;Desktop;-;-;-;;;1;2026-07-01 - 2026-07-31
2026-07-01 00:00:00.000;IDHPRODTEST;IDH Prod Test Company;United Kingdom;Lyra Health International Ltd;search;n/a;Desktop;-;-;-;;;1;2026-07-01 - 2026-07-31
2026-07-01 00:00:00.000;IDHPRODTEST;IDH Prod Test Company;United Kingdom;Lyra Health International Ltd;view;-;Desktop;Infosheet;Lyra Wellbeing Hub Service Poster;-;Lyra Wellbeing Services;Search;1;2026-07-01 - 2026-07-31
2026-07-01 00:00:00.000;IDHPRODTEST;IDH Prod Test Company;United States;Lyra Health International Ltd;save;-;Desktop;-;-;-;;Search;1;2026-07-01 - 2026-07-31
2026-07-01 00:00:00.000;IDHPRODTEST;IDH Prod Test Company;United States;Lyra Health International Ltd;search;n/a;Desktop;-;-;-;;;3;2026-07-01 - 2026-07-31
2026-07-01 00:00:00.000;IDHPRODTEST;IDH Prod Test Company;United States;Lyra Health International Ltd;view;-;Desktop;Infosheet;The Emotional and Cultural Impact of Female Role Models;-;Mental wellbeing,Role models,Women;Search;1;2026-07-01 - 2026-07-31
2026-07-01 00:00:00.000;IDHPRODTEST;IDH Prod Test Company;United States;Lyra Health International Ltd;view;-;Desktop;Infosheet;Staying Grounded During Life Changes;-;Mental wellbeing,Grounding,Change;Search;1;2026-07-01 - 2026-07-31
2026-07-01 00:00:00.000;IRA001;IRANTI NPC;South Africa;Lyra Southern Africa Pty Ltd;search;Health and safety;Desktop;-;-;-;;;1;2026-07-01 - 2026-07-31
2026-07-01 00:00:00.000;IRA001;IRANTI NPC;South Africa;Lyra Southern Africa Pty Ltd;search;Health & Safety;Desktop;-;-;-;;;1;2026-07-01 - 2026-07-31
2026-07-01 00:00:00.000;IRA001;IRANTI NPC;South Africa;Lyra Southern Africa Pty Ltd;search;Safety;Desktop;-;-;-;;;1;2026-07-01 - 2026-07-31
2026-07-01 00:00:00.000;IRA001;IRANTI NPC;South Africa;Lyra Southern Africa Pty Ltd;search;n/a;Desktop;-;-;-;;;1;2026-07-01 - 2026-07-31
2026-07-01 00:00:00.000;IRA001;IRANTI NPC;South Africa;Lyra Southern Africa Pty Ltd;view;-;Desktop;Infosheet;How to Prioritize When Everything Feels Urgent;-;Prioritization,Change;home;1;2026-07-01 - 2026-07-31
2026-07-01 00:00:00.000;ISENTIA;Isentia Pte Limited;Australia;Lyra Health International Ltd;download;-;Desktop;Poster;Your Guide to Lyra Wellbeing Support Content;en;;Search;1;2026-07-01 - 2026-07-31
2026-07-01 00:00:00.000;ISENTIA;Isentia Pte Limited;Australia;Lyra Health International Ltd;download;-;Desktop;Infosheet;How to be an Effective Manager;en;;Search;1;2026-07-01 - 2026-07-31
2026-07-01 00:00:00.000;ISENTIA;Isentia Pte Limited;Australia;Lyra Health International Ltd;download;-;Desktop;Infosheet;How to Build Your Confidence as a Manager;en;;Search;1;2026-07-01 - 2026-07-31
2026-07-01 00:00:00.000;ISENTIA;Isentia Pte Limited;Australia;Lyra Health International Ltd;download;-;Desktop;Infosheet;How to Motivate Your Team;en;;Search;1;2026-07-01 - 2026-07-31
2026-07-01 00:00:00.000;ISENTIA;Isentia Pte Limited;Australia;Lyra Health International Ltd;download;-;Desktop;Infosheet;How to Keep Your Team Motivated After Lay-offs;en;;Search;1;2026-07-01 - 2026-07-31
2026-07-01 00:00:00.000;ISENTIA;Isentia Pte Limited;Australia;Lyra Health International Ltd;download;-;Desktop;Infosheet;Resolving Conflict Within a Team;en;;Search;1;2026-07-01 - 2026-07-31
2026-07-01 00:00:00.000;ISENTIA;Isentia Pte Limited;Australia;Lyra Health International Ltd;download;-;Desktop;Infosheet;How to Make the Workplace More Accessible;en;;Search;1;2026-07-01 - 2026-07-31
2026-07-01 00:00:00.000;ISENTIA;Isentia Pte Limited;Australia;Lyra Health International Ltd;download;-;Desktop;Quiz;Identify Your Management Style (Quiz);en;;Search;1;2026-07-01 - 2026-07-31
2026-07-01 00:00:00.000;ISENTIA;Isentia Pte Limited;Australia;Lyra Health International Ltd;download;-;Desktop;Infosheet;5 Ways to Encourage Connection and Collaboration Within Your Team;en;;Search;1;2026-07-01 - 2026-07-31
2026-07-01 00:00:00.000;ISENTIA;Isentia Pte Limited;Australia;Lyra Health International Ltd;download;-;Desktop;Infosheet;A Guide to Different Management Styles;en;;Search;1;2026-07-01 - 2026-07-31
2026-07-01 00:00:00.000;ISENTIA;Isentia Pte Limited;Australia;Lyra Health International Ltd;download;-;Desktop;Poster;Use Case Poster - Coping with burnout;en;;Search;1;2026-07-01 - 2026-07-31
2026-07-01 00:00:00.000;ISENTIA;Isentia Pte Limited;Australia;Lyra Health International Ltd;download;-;Desktop;Infosheet;What Is Your EAP?;en;;Search;1;2026-07-01 - 2026-07-31
2026-07-01 00:00:00.000;ISENTIA;Isentia Pte Limited;Australia;Lyra Health International Ltd;download;-;Desktop;Infosheet;Supporting a Team Member Who is Having Relationship Problems;en;;Search;1;2026-07-01 - 2026-07-31
2026-07-01 00:00:00.000;ISENTIA;Isentia Pte Limited;Australia;Lyra Health International Ltd;download;-;Desktop;Infosheet;Supporting a Team Member Who is Struggling Financially;en;;Search;1;2026-07-01 - 2026-07-31
2026-07-01 00:00:00.000;ISENTIA;Isentia Pte Limited;Australia;Lyra Health International Ltd;download;-;Desktop;Infosheet;Supporting Your Team in the Event of Domestic Violence;en;;Search;1;2026-07-01 - 2026-07-31
2026-07-01 00:00:00.000;ISENTIA;Isentia Pte Limited;Australia;Lyra Health International Ltd;search;n/a;Desktop;-;-;-;;;1;2026-07-01 - 2026-07-31
2026-07-01 00:00:00.000;JABIL;Jabil;Poland;Lyra Health International Ltd;download;-;Desktop;Infosheet;Lyra Wellbeing Frequently Asked Questions;hu;;Search;1;2026-07-01 - 2026-07-31
2026-07-01 00:00:00.000;JABIL;Jabil;Poland;Lyra Health International Ltd;download;-;Desktop;Poster;Your Guide to Lyra Wellbeing Support Content;hu;;Search;1;2026-07-01 - 2026-07-31
2026-07-01 00:00:00.000;JABIL;Jabil;Poland;Lyra Health International Ltd;search;n/a;Desktop;-;-;-;;;1;2026-07-01 - 2026-07-31
2026-07-01 00:00:00.000;JABIL;Jabil;Poland;Lyra Health International Ltd;view;-;Desktop;Infosheet;Helping an Employee Through Substance Use Issues;-;Substance use,Addiction,Healthy workplace;Search;1;2026-07-01 - 2026-07-31
2026-07-01 00:00:00.000;JABIL;Jabil;Poland;Lyra Health International Ltd;view;-;Desktop;Infosheet;Practical Tips to Help You Lead By Example;-;Healthy workplace,Management;Search;1;2026-07-01 - 2026-07-31
2026-07-01 00:00:00.000;JABIL;Jabil;Poland;Lyra Health International Ltd;view;-;Desktop;Infosheet;A Manager’s Guide to Developing Team Resilience;-;Healthy workplace;Search;1;2026-07-01 - 2026-07-31
2026-07-01 00:00:00.000;JABIL;Jabil;Poland;Lyra Health International Ltd;view;-;Desktop;Infosheet;Supporting a Team Member Experiencing Family Problems;-;Relationships,Family;Search;1;2026-07-01 - 2026-07-31
2026-07-01 00:00:00.000;JABIL;Jabil;Poland;Lyra Health International Ltd;view;-;Desktop;Infosheet;Lyra Wellbeing Frequently Asked Questions;-;Mental wellbeing,Physical wellbeing,Healthy workplace,Financial wellbeing,Lyra Wellbeing Services;Search;1;2026-07-01 - 2026-07-31
2026-07-01 00:00:00.000;JABIL;Jabil;Poland;Lyra Health International Ltd;view;-;Desktop;Infosheet;Supporting a Team Member Who is Having Relationship Problems;-;Relationships;Search;1;2026-07-01 - 2026-07-31
2026-07-01 00:00:00.000;JABIL;Jabil;Poland;Lyra Health International Ltd;view;-;Desktop;Poster;Use Case Poster - Financial Problems;-;Financial wellbeing,Lyra Wellbeing Services;Search;1;2026-07-01 - 2026-07-31
2026-07-01 00:00:00.000;JABIL;Jabil;Poland;Lyra Health International Ltd;view;-;Desktop;Infosheet;Supporting an Employee Affected by Trauma;-;Mental wellbeing,Healthy workplace;Search;1;2026-07-01 - 2026-07-31
2026-07-01 00:00:00.000;JABIL;Jabil;Poland;Lyra Health International Ltd;view;-;Desktop;Poster;Use Case Poster: Coping With Trauma;-;Mental wellbeing;Search;1;2026-07-01 - 2026-07-31
2026-07-01 00:00:00.000;JABIL;Jabil;Poland;Lyra Health International Ltd;view;-;Desktop;Poster;Use Case Poster - Coping With the Impact of New Technology;-;Mental wellbeing,Lyra Wellbeing Services;Search;1;2026-07-01 - 2026-07-31
2026-07-01 00:00:00.000;JABIL;Jabil;Poland;Lyra Health International Ltd;view;-;Desktop;Poster;Use Case Poster - Community Building in Times of Change;-;Healthy workplace,Lyra Wellbeing Services;Search;1;2026-07-01 - 2026-07-31
2026-07-01 00:00:00.000;JABIL;Jabil;Poland;Lyra Health International Ltd;view;-;Desktop;Poster;Use Case Poster - Peace of Mind About Privacy and Confidentiality;-;Healthy workplace,Lyra Wellbeing Services;Search;1;2026-07-01 - 2026-07-31
2026-07-01 00:00:00.000;JABIL;Jabil;United Kingdom;Lyra Health International Ltd;download;-;Desktop;Infosheet;How to Create Your Account in the Lyra Wellbeing Hub;en;;Search;1;2026-07-01 - 2026-07-31
2026-07-01 00:00:00.000;JABIL;Jabil;United Kingdom;Lyra Health International Ltd;download;-;Desktop;Infosheet;Hub App Promo Leaflet;en;;Search;1;2026-07-01 - 2026-07-31
2026-07-01 00:00:00.000;JABIL;Jabil;United Kingdom;Lyra Health International Ltd;download;-;Desktop;Infosheet;11 Quick Ways to Fit Movement Into Your Schedule;en;;Search;1;2026-07-01 - 2026-07-31
2026-07-01 00:00:00.000;JABIL;Jabil;United Kingdom;Lyra Health International Ltd;download;-;Desktop;Infosheet;Cervical Cancer Statistics;en;;Search;1;2026-07-01 - 2026-07-31
2026-07-01 00:00:00.000;JABIL;Jabil;United Kingdom;Lyra Health International Ltd;download;-;Desktop;Infosheet;The Effects of Tobacco and Smoking Products Infographics Poster;en;;Search;1;2026-07-01 - 2026-07-31
2026-07-01 00:00:00.000;JABIL;Jabil;United Kingdom;Lyra Health International Ltd;download;-;Desktop;Poster;February 2026 Webinar Invitation: Navigating Chronic Illness;en;;Search;1;2026-07-01 - 2026-07-31
2026-07-01 00:00:00.000;JABIL;Jabil;United Kingdom;Lyra Health International Ltd;download;-;Desktop;Infosheet;Daily Wellness Check-in;en;;Search;1;2026-07-01 - 2026-07-31
2026-07-01 00:00:00.000;JABIL;Jabil;United Kingdom;Lyra Health International Ltd;download;-;Desktop;Infosheet;5 Lesser-known Signs of Stress;en;;Search;1;2026-07-01 - 2026-07-31
2026-07-01 00:00:00.000;JABIL;Jabil;United Kingdom;Lyra Health International Ltd;download;-;Desktop;Infosheet;How to Prioritize Your Bone Health;es_la;;Search;1;2026-07-01 - 2026-07-31
2026-07-01 00:00:00.000;JABIL;Jabil;United Kingdom;Lyra Health International Ltd;download;-;Desktop;Infosheet;How to Prioritize Your Bone Health;pl;;Search;1;2026-07-01 - 2026-07-31
2026-07-01 00:00:00.000;JABIL;Jabil;United Kingdom;Lyra Health International Ltd;download;-;Desktop;Infosheet;How to Prioritize Your Bone Health;de;;Search;1;2026-07-01 - 2026-07-31
2026-07-01 00:00:00.000;JABIL;Jabil;United Kingdom;Lyra Health International Ltd;download;-;Desktop;Infosheet;How to Prioritize Your Bone Health;fr;;Search;1;2026-07-01 - 2026-07-31
2026-07-01 00:00:00.000;JABIL;Jabil;United Kingdom;Lyra Health International Ltd;download;-;Desktop;Infosheet;How to Prioritize Your Bone Health;zh;;Search;1;2026-07-01 - 2026-07-31
2026-07-01 00:00:00.000;JABIL;Jabil;United Kingdom;Lyra Health International Ltd;download;-;Desktop;Infosheet;How to Prioritize Your Bone Health;en;;Search;1;2026-07-01 - 2026-07-31
2026-07-01 00:00:00.000;JABIL;Jabil;United Kingdom;Lyra Health International Ltd;download;-;Desktop;Infosheet;10 Ways to Naturally Support Your Immune System;en;;Search;1;2026-07-01 - 2026-07-31
2026-07-01 00:00:00.000;JABIL;Jabil;United Kingdom;Lyra Health International Ltd;download;-;Desktop;Infosheet;Practical Exercise Tips For All Levels;en;;Search;1;2026-07-01 - 2026-07-31
2026-07-01 00:00:00.000;JABIL;Jabil;United Kingdom;Lyra Health International Ltd;download;-;Desktop;Infosheet;How to Cope With Trauma;en;;Search;1;2026-07-01 - 2026-07-31
2026-07-01 00:00:00.000;JABIL;Jabil;United Kingdom;Lyra Health International Ltd;search;lyra;Desktop;-;-;-;;;1;2026-07-01 - 2026-07-31
2026-07-01 00:00:00.000;JABIL;Jabil;United Kingdom;Lyra Health International Ltd;search;n/a;Desktop;-;-;-;;;1;2026-07-01 - 2026-07-31
2026-07-01 00:00:00.000;JABIL;Jabil;United Kingdom;Lyra Health International Ltd;search;earthquake;Desktop;-;-;-;;;1;2026-07-01 - 2026-07-31
2026-07-01 00:00:00.000;JABIL;Jabil;United Kingdom;Lyra Health International Ltd;search;app;Desktop;-;-;-;;;1;2026-07-01 - 2026-07-31
2026-07-01 00:00:00.000;JABIL;Jabil;United Kingdom;Lyra Health International Ltd;search;physical healt;Desktop;-;-;-;;;1;2026-07-01 - 2026-07-31
2026-07-01 00:00:00.000;JABIL;Jabil;United Kingdom;Lyra Health International Ltd;search;traumatic;Desktop;-;-;-;;;1;2026-07-01 - 2026-07-31
2026-07-01 00:00:00.000;JABIL;Jabil;United Kingdom;Lyra Health International Ltd;search;a;Desktop;-;-;-;;;1;2026-07-01 - 2026-07-31
2026-07-01 00:00:00.000;JCI;JCI;Austria;Lyra Health International Ltd;search;n/a;Desktop;-;-;-;;;1;2026-07-01 - 2026-07-31
2026-07-01 00:00:00.000;JCI;JCI;China;Lyra Health International Ltd;download;-;Desktop;Infosheet;The 5 Whys of Creative Problem Solving;ms;;Search;1;2026-07-01 - 2026-07-31
2026-07-01 00:00:00.000;JCI;JCI;China;Lyra Health International Ltd;download;-;Desktop;Infosheet;The 5 Whys of Creative Problem Solving;zh_hant;;Search;1;2026-07-01 - 2026-07-31
2026-07-01 00:00:00.000;JCI;JCI;China;Lyra Health International Ltd;download;-;Desktop;Infosheet;The 5 Whys of Creative Problem Solving;zh;;Search;1;2026-07-01 - 2026-07-31
2026-07-01 00:00:00.000;JCI;JCI;China;Lyra Health International Ltd;download;-;Desktop;Infosheet;The 5 Whys of Creative Problem Solving;en;;Search;1;2026-07-01 - 2026-07-31
2026-07-01 00:00:00.000;JCI;JCI;China;Lyra Health International Ltd;download;-;Desktop;Video;Lyra Wellbeing | Your EAP Service | Briefing Video;en;;Search;1;2026-07-01 - 2026-07-31
2026-07-01 00:00:00.000;JCI;JCI;China;Lyra Health International Ltd;search;Suicide Awareness;Desktop;-;-;-;;;1;2026-07-01 - 2026-07-31
2026-07-01 00:00:00.000;JCI;JCI;China;Lyra Health International Ltd;search;n/a;Desktop;-;-;-;;;1;2026-07-01 - 2026-07-31
2026-07-01 00:00:00.000;JCI;JCI;China;Lyra Health International Ltd;search;Recognising Experiences, Starting Conversation;Desktop;-;-;-;;;1;2026-07-01 - 2026-07-31
2026-07-01 00:00:00.000;JCI;JCI;China;Lyra Health International Ltd;search;The 5 Whys;Desktop;-;-;-;;;1;2026-07-01 - 2026-07-31
2026-07-01 00:00:00.000;JCI;JCI;China;Lyra Health International Ltd;search;The 5 Whys of Creative Problem Solving;Desktop;-;-;-;;;1;2026-07-01 - 2026-07-31
2026-07-01 00:00:00.000;JCI;JCI;China;Lyra Health International Ltd;search;Perspective Shifts for Creative Problem Solving;Desktop;-;-;-;;;1;2026-07-01 - 2026-07-31
2026-07-01 00:00:00.000;JCI;JCI;China;Lyra Health International Ltd;search;Problem Solving;Desktop;-;-;-;;;1;2026-07-01 - 2026-07-31
2026-07-01 00:00:00.000;JCI;JCI;China;Lyra Health International Ltd;search;Kickstart Your Creative Problem-solving;Desktop;-;-;-;;;1;2026-07-01 - 2026-07-31
2026-07-01 00:00:00.000;JCI;JCI;China;Lyra Health International Ltd;search;What is reverse brainstorming;Desktop;-;-;-;;;1;2026-07-01 - 2026-07-31
2026-07-01 00:00:00.000;JCI;JCI;Singapore;Lyra Health International Ltd;search;n/a;Desktop;-;-;-;;;1;2026-07-01 - 2026-07-31
2026-07-01 00:00:00.000;JCI;JCI;United Kingdom;Lyra Health International Ltd;search;n/a;Desktop;-;-;-;;;1;2026-07-01 - 2026-07-31
2026-07-01 00:00:00.000;JOHNSONJOHNSON;Johnson & Johnson;Korea (South);Lyra Health International Ltd;download;-;Desktop;Infosheet;4 Ways to Improve Your Resilience at Work;en;;Search;1;2026-07-01 - 2026-07-31
2026-07-01 00:00:00.000;JOHNSONJOHNSON;Johnson & Johnson;Korea (South);Lyra Health International Ltd;download;-;Desktop;Infosheet;6 Ways to Build Resilience;en;;Search;1;2026-07-01 - 2026-07-31
2026-07-01 00:00:00.000;JOHNSONJOHNSON;Johnson & Johnson;Korea (South);Lyra Health International Ltd;download;-;Desktop;Infosheet;How to Cope With Change;en;;Search;1;2026-07-01 - 2026-07-31
2026-07-01 00:00:00.000;JOHNSONJOHNSON;Johnson & Johnson;Korea (South);Lyra Health International Ltd;save;-;Desktop;-;-;-;;Search;1;2026-07-01 - 2026-07-31
2026-07-01 00:00:00.000;JOHNSONJOHNSON;Johnson & Johnson;Korea (South);Lyra Health International Ltd;search;n/a;Desktop;-;-;-;;;1;2026-07-01 - 2026-07-31
2026-07-01 00:00:00.000;JOHNSONJOHNSON;Johnson & Johnson;Korea (South);Lyra Health International Ltd;search;change;Desktop;-;-;-;;;1;2026-07-01 - 2026-07-31
2026-07-01 00:00:00.000;JOHNSONJOHNSON;Johnson & Johnson;Korea (South);Lyra Health International Ltd;search;c;Desktop;-;-;-;;;1;2026-07-01 - 2026-07-31
2026-07-01 00:00:00.000;JOHNSONJOHNSON;Johnson & Johnson;Korea (South);Lyra Health International Ltd;search;resilience;Desktop;-;-;-;;;1;2026-07-01 - 2026-07-31
2026-07-01 00:00:00.000;JOHNSONJOHNSON;Johnson & Johnson;Korea (South);Lyra Health International Ltd;view;-;Desktop;Infosheet;6 Ways to Build Resilience;-;Mental wellbeing,Personal growth;Search;1;2026-07-01 - 2026-07-31
2026-07-01 00:00:00.000;JOHNSONJOHNSON;Johnson & Johnson;Korea (South);Lyra Health International Ltd;view;-;Desktop;Infosheet;How to Cope With Change;-;Mental wellbeing,Healthy workplace;Search;1;2026-07-01 - 2026-07-31
2026-07-01 00:00:00.000;JOHNSONJOHNSON;Johnson & Johnson;Korea (South);Lyra Health International Ltd;view;-;Desktop;Infosheet;Staying Grounded During Life Changes;-;Mental wellbeing,Grounding,Change;Search;1;2026-07-01 - 2026-07-31
2026-07-01 00:00:00.000;JOHNSONJOHNSON;Johnson & Johnson;Korea (South);Lyra Health International Ltd;view;-;Desktop;Poster;Use Case Poster - Community Building in Times of Change;-;Healthy workplace,Lyra Wellbeing Services;Search;1;2026-07-01 - 2026-07-31
2026-07-01 00:00:00.000;JOHNSONJOHNSON;Johnson & Johnson;Korea (South);Lyra Health International Ltd;view;-;Desktop;Poster;Use Case Poster - Coping With Organizational Change;-;Mental wellbeing,Healthy workplace,Lyra Wellbeing Services;Search;1;2026-07-01 - 2026-07-31
2026-07-01 00:00:00.000;JOHNSONJOHNSON;Johnson & Johnson;Korea (South);Lyra Health International Ltd;view;-;Desktop;Toolkit;Neurodiversity at Work: A Guide for Managers;-;Neurodiversity;Search;1;2026-07-01 - 2026-07-31
2026-07-01 00:00:00.000;JOHNSONJOHNSON;Johnson & Johnson;Korea (South);Lyra Health International Ltd;view;-;Desktop;Infosheet;Managing Resistance to Change Within a Team;-;Healthy workplace;Search;1;2026-07-01 - 2026-07-31
2026-07-01 00:00:00.000;JOHNSONJOHNSON;Johnson & Johnson;Korea (South);Lyra Health International Ltd;view;-;Desktop;Infosheet;4 Ways to Improve Your Resilience at Work;-;Healthy workplace,Personal growth;Search;1;2026-07-01 - 2026-07-31
2026-07-01 00:00:00.000;KINGHUB22;King;United Kingdom;Lyra Health International Ltd;search;n/a;Desktop;-;-;-;;;1;2026-07-01 - 2026-07-31
2026-07-01 00:00:00.000;KOHLER;Kohler;United Kingdom;Lyra Health International Ltd;download;-;Desktop;Infosheet;How to Prioritize Self-care;en;;Search;1;2026-07-01 - 2026-07-31
2026-07-01 00:00:00.000;KOHLER;Kohler;United Kingdom;Lyra Health International Ltd;download;-;Desktop;Infosheet;How to Stop Comparing Yourself To Others;en;;Search;1;2026-07-01 - 2026-07-31
2026-07-01 00:00:00.000;KOHLER;Kohler;United Kingdom;Lyra Health International Ltd;download;-;Desktop;Infosheet;How to Identify Your Boundaries;en;;Search;1;2026-07-01 - 2026-07-31
2026-07-01 00:00:00.000;KOHLER;Kohler;United Kingdom;Lyra Health International Ltd;download;-;Desktop;Infosheet;The 5 Pillars of Resilience;en;;Search;1;2026-07-01 - 2026-07-31
2026-07-01 00:00:00.000;KOHLER;Kohler;United Kingdom;Lyra Health International Ltd;download;-;Desktop;Infosheet;How to Break the Loneliness Spiral;en;;Search;1;2026-07-01 - 2026-07-31
2026-07-01 00:00:00.000;KOHLER;Kohler;United Kingdom;Lyra Health International Ltd;search;Self care;Desktop;-;-;-;;;1;2026-07-01 - 2026-07-31
2026-07-01 00:00:00.000;KOHLER;Kohler;United Kingdom;Lyra Health International Ltd;search;n/a;Desktop;-;-;-;;;2;2026-07-01 - 2026-07-31
2026-07-01 00:00:00.000;KOHLER;Kohler;United Kingdom;Lyra Health International Ltd;search;Selfcare;Desktop;-;-;-;;;1;2026-07-01 - 2026-07-31
2026-07-01 00:00:00.000;KOHLER;Kohler;United Kingdom;Lyra Health International Ltd;search;money;Desktop;-;-;-;;;1;2026-07-01 - 2026-07-31
2026-07-01 00:00:00.000;LAPACASTERLLOYD;Acaster Lloyd;United Kingdom;Lyra UK & Ireland Ltd;search;n/a;Desktop;-;-;-;;;1;2026-07-01 - 2026-07-31
2026-07-01 00:00:00.000;LYRAGROUP;Lyra International;Hungary;Lyra Health International Ltd;download;-;Desktop;Infosheet;How to Prioritize When Everything Feels Urgent;hu;;Search;1;2026-07-01 - 2026-07-31
2026-07-01 00:00:00.000;LYRAGROUP;Lyra International;Hungary;Lyra Health International Ltd;download;-;Desktop;Infosheet;5 Self-care Tips for Holiday Season;es_la;;Search;1;2026-07-01 - 2026-07-31
2026-07-01 00:00:00.000;LYRAGROUP;Lyra International;Hungary;Lyra Health International Ltd;download;-;Desktop;Infosheet;5 Self-care Tips for Holiday Season;pl;;Search;1;2026-07-01 - 2026-07-31
2026-07-01 00:00:00.000;LYRAGROUP;Lyra International;Hungary;Lyra Health International Ltd;download;-;Desktop;Infosheet;5 Self-care Tips for Holiday Season;de;;Search;1;2026-07-01 - 2026-07-31
2026-07-01 00:00:00.000;LYRAGROUP;Lyra International;Hungary;Lyra Health International Ltd;download;-;Desktop;Infosheet;5 Self-care Tips for Holiday Season;fr;;Search;1;2026-07-01 - 2026-07-31
2026-07-01 00:00:00.000;LYRAGROUP;Lyra International;Hungary;Lyra Health International Ltd;download;-;Desktop;Infosheet;5 Self-care Tips for Holiday Season;zh;;Search;1;2026-07-01 - 2026-07-31
2026-07-01 00:00:00.000;LYRAGROUP;Lyra International;Hungary;Lyra Health International Ltd;download;-;Desktop;Infosheet;5 Self-care Tips for Holiday Season;en;;Search;1;2026-07-01 - 2026-07-31
2026-07-01 00:00:00.000;LYRAGROUP;Lyra International;Hungary;Lyra Health International Ltd;download;-;Desktop;Video;Create your personal account in Hub;en;;Search;1;2026-07-01 - 2026-07-31
2026-07-01 00:00:00.000;LYRAGROUP;Lyra International;Hungary;Lyra Health International Ltd;download;-;Desktop;Infosheet;FAQs: Your Personal Hub Account;hu;;Search;1;2026-07-01 - 2026-07-31
2026-07-01 00:00:00.000;LYRAGROUP;Lyra International;Hungary;Lyra Health International Ltd;download;-;Desktop;Infosheet;Lyra Wellbeing Hub Service Poster;hu;;Search;1;2026-07-01 - 2026-07-31
2026-07-01 00:00:00.000;LYRAGROUP;Lyra International;Hungary;Lyra Health International Ltd;search;n/a;Desktop;-;-;-;;;1;2026-07-01 - 2026-07-31
2026-07-01 00:00:00.000;LYRAGROUP;Lyra International;Hungary;Lyra Health International Ltd;search;make friends;Desktop;-;-;-;;;1;2026-07-01 - 2026-07-31
2026-07-01 00:00:00.000;LYRAGROUP;Lyra International;Hungary;Lyra Health International Ltd;search;how to make friends as an adult;Desktop;-;-;-;;;1;2026-07-01 - 2026-07-31
2026-07-01 00:00:00.000;LYRAGROUP;Lyra International;Hungary;Lyra Health International Ltd;search;5 self-care;Desktop;-;-;-;;;1;2026-07-01 - 2026-07-31
2026-07-01 00:00:00.000;LYRAGROUP;Lyra International;Hungary;Lyra Health International Ltd;search;5 self care tips;Desktop;-;-;-;;;1;2026-07-01 - 2026-07-31
2026-07-01 00:00:00.000;LYRAGROUP;Lyra International;Hungary;Lyra Health International Ltd;search;HUB;Desktop;-;-;-;;;1;2026-07-01 - 2026-07-31
2026-07-01 00:00:00.000;LYRAGROUP;Lyra International;Hungary;Lyra Health International Ltd;view;-;Desktop;Infosheet;How to Prioritize When Everything Feels Urgent;-;Prioritization,Change;DirectEntry;1;2026-07-01 - 2026-07-31
2026-07-01 00:00:00.000;LYRAHUBTEST;Lyra (Test Preview);United States;Lyra;search;n/a;Desktop;-;-;-;;;2;2026-07-01 - 2026-07-31
2026-07-01 00:00:00.000;LYRAMENATEST;ICAS MENA (Test Preview);United Arab Emirates;Lyra Health International Ltd (DMCC) Branch (MENA);search;Mens health;Desktop;-;-;-;;;1;2026-07-01 - 2026-07-31
2026-07-01 00:00:00.000;LYRAMENATEST;ICAS MENA (Test Preview);United Arab Emirates;Lyra Health International Ltd (DMCC) Branch (MENA);search;n/a;Desktop;-;-;-;;;1;2026-07-01 - 2026-07-31
2026-07-01 00:00:00.000;LYRAOPSTEST;Lyra Clinical Ops;United Kingdom;Lyra Health International Ltd;search;n/a;Desktop;-;-;-;;;1;2026-07-01 - 2026-07-31
2026-07-01 00:00:00.000;LYRAOPSTEST;Lyra Clinical Ops;United Kingdom;Lyra Health International Ltd;search;Anxiety;Desktop;-;-;-;;;1;2026-07-01 - 2026-07-31
2026-07-01 00:00:00.000;LYRAOPSTEST;Lyra Clinical Ops;United Kingdom;Lyra Health International Ltd;search;Anxiety Management Flashcards;Desktop;-;-;-;;;1;2026-07-01 - 2026-07-31
2026-07-01 00:00:00.000;LYRAOPSTEST;Lyra Clinical Ops;United Kingdom;Lyra Health International Ltd;view;-;Desktop;Infosheet;Statistics on Men's Health;-;Mental wellbeing,Physical wellbeing;DirectEntry;1;2026-07-01 - 2026-07-31
2026-07-01 00:00:00.000;LYRAOPSTEST;Lyra Clinical Ops;United Kingdom;Lyra Health International Ltd;view;-;Desktop;Poster;Infographic: Anxiety and Depression Around the World;-;Mental wellbeing;DirectEntry;1;2026-07-01 - 2026-07-31
2026-07-01 00:00:00.000;LYRAOPSTEST;Lyra Clinical Ops;United Kingdom;Lyra Health International Ltd;view;-;Desktop;Infosheet;Helping an Employee Through Substance Use Issues;-;Substance use,Addiction,Healthy workplace;Search;1;2026-07-01 - 2026-07-31
2026-07-01 00:00:00.000;LYRAOPSTEST;Lyra Clinical Ops;United Kingdom;Lyra Health International Ltd;view;-;Desktop;Infosheet;Understanding and Preventing Absenteeism;-;Absenteeism;Search;1;2026-07-01 - 2026-07-31
2026-07-01 00:00:00.000;MAR007;Marllyn Chemicals PTY Ltd;South Africa;Lyra Southern Africa Pty Ltd;download;-;Desktop;Infosheet;How to Give Feedback Effectively;en;;Search;1;2026-07-01 - 2026-07-31
2026-07-01 00:00:00.000;MAR007;Marllyn Chemicals PTY Ltd;South Africa;Lyra Southern Africa Pty Ltd;download;-;Desktop;Infosheet;Understanding and Preventing Absenteeism;en;;Search;1;2026-07-01 - 2026-07-31
2026-07-01 00:00:00.000;MAR007;Marllyn Chemicals PTY Ltd;South Africa;Lyra Southern Africa Pty Ltd;download;-;Desktop;Infosheet;How to Build a Team Culture Where it’s Safe to Speak Up;en;;Search;1;2026-07-01 - 2026-07-31
2026-07-01 00:00:00.000;MAR007;Marllyn Chemicals PTY Ltd;South Africa;Lyra Southern Africa Pty Ltd;download;-;Desktop;Infosheet;Lyra Global Insights Map Flyer;en;;Search;1;2026-07-01 - 2026-07-31
2026-07-01 00:00:00.000;MAR007;Marllyn Chemicals PTY Ltd;South Africa;Lyra Southern Africa Pty Ltd;search;communication;Desktop;-;-;-;;;1;2026-07-01 - 2026-07-31
2026-07-01 00:00:00.000;MAR007;Marllyn Chemicals PTY Ltd;South Africa;Lyra Southern Africa Pty Ltd;search;n/a;Desktop;-;-;-;;;1;2026-07-01 - 2026-07-31
2026-07-01 00:00:00.000;MCBRIDE;McBride;Luxembourg;Lyra Health International Ltd;search;n/a;Desktop;-;-;-;;;1;2026-07-01 - 2026-07-31
2026-07-01 00:00:00.000;MCBRIDE;McBride;United Kingdom;Lyra Health International Ltd;download;-;Desktop;Infosheet;How to Prioritize Self-care;en;;Search;1;2026-07-01 - 2026-07-31
2026-07-01 00:00:00.000;MCBRIDE;McBride;United Kingdom;Lyra Health International Ltd;download;-;Desktop;Infosheet;5 Ways to Start a Conversation About Mental Health;en;;Search;1;2026-07-01 - 2026-07-31
2026-07-01 00:00:00.000;MCBRIDE;McBride;United Kingdom;Lyra Health International Ltd;search;burnout;Desktop;-;-;-;;;1;2026-07-01 - 2026-07-31
2026-07-01 00:00:00.000;MCBRIDE;McBride;United Kingdom;Lyra Health International Ltd;search;n/a;Desktop;-;-;-;;;2;2026-07-01 - 2026-07-31
2026-07-01 00:00:00.000;MERCK;Merck Group;Germany;Lyra Health International Ltd;download;-;Desktop;Infosheet;How to Support a Loved One With an Anxiety Disorder;en;;Search;1;2026-07-01 - 2026-07-31
2026-07-01 00:00:00.000;MERCK;Merck Group;Germany;Lyra Health International Ltd;download;-;Desktop;Infosheet;Anxiety Management Flash Cards;en;;Search;1;2026-07-01 - 2026-07-31
2026-07-01 00:00:00.000;MERCK;Merck Group;Germany;Lyra Health International Ltd;search;anxiety;Desktop;-;-;-;;;1;2026-07-01 - 2026-07-31
2026-07-01 00:00:00.000;MERCK;Merck Group;Germany;Lyra Health International Ltd;search;n/a;Desktop;-;-;-;;;1;2026-07-01 - 2026-07-31
2026-07-01 00:00:00.000;MERCK;Merck Group;Germany;Lyra Health International Ltd;view;-;Desktop;Infosheet;How to Support a Loved One With an Anxiety Disorder;-;Mental wellbeing,Anxiety;Search;1;2026-07-01 - 2026-07-31
2026-07-01 00:00:00.000;MERCK;Merck Group;Germany;Lyra Health International Ltd;view;-;Desktop;Infosheet;Anxiety Management Flash Cards;-;Mental wellbeing,Anxiety;Search;1;2026-07-01 - 2026-07-31
2026-07-01 00:00:00.000;ML001;M Line Group Pty Ltd;South Africa;Lyra Southern Africa Pty Ltd;search;n/a;Desktop;-;-;-;;;1;2026-07-01 - 2026-07-31
2026-07-01 00:00:00.000;MOO002;Moore Cape Town Inc;South Africa;Lyra Southern Africa Pty Ltd;download;-;Desktop;Infosheet;Tips for Working Within a Multicultural Workforce;en;;Search;1;2026-07-01 - 2026-07-31
2026-07-01 00:00:00.000;MOO002;Moore Cape Town Inc;South Africa;Lyra Southern Africa Pty Ltd;download;-;Desktop;Infosheet;Challenging Gendered Language;en;;Search;1;2026-07-01 - 2026-07-31
2026-07-01 00:00:00.000;MOO002;Moore Cape Town Inc;South Africa;Lyra Southern Africa Pty Ltd;download;-;Desktop;Infosheet;How to Respectfully Handle Religious Differences at Work;en;;Search;1;2026-07-01 - 2026-07-31
2026-07-01 00:00:00.000;MOO002;Moore Cape Town Inc;South Africa;Lyra Southern Africa Pty Ltd;download;-;Desktop;Infosheet;How to Celebrate Your Racial Identity;en;;Search;1;2026-07-01 - 2026-07-31
2026-07-01 00:00:00.000;MOO002;Moore Cape Town Inc;South Africa;Lyra Southern Africa Pty Ltd;download;-;Desktop;Infosheet;Responding to Racial Microaggressions;en;;Search;1;2026-07-01 - 2026-07-31
2026-07-01 00:00:00.000;MOO002;Moore Cape Town Inc;South Africa;Lyra Southern Africa Pty Ltd;download;-;Desktop;Infosheet;How to Communicate With Someone Who is Deaf or Hard of Hearing;en;;Search;1;2026-07-01 - 2026-07-31
2026-07-01 00:00:00.000;MOO002;Moore Cape Town Inc;South Africa;Lyra Southern Africa Pty Ltd;download;-;Desktop;Infosheet;Supporting Non-visible Disabilities in the Workplace;en;;Search;1;2026-07-01 - 2026-07-31
2026-07-01 00:00:00.000;MOO002;Moore Cape Town Inc;South Africa;Lyra Southern Africa Pty Ltd;download;-;Desktop;Infosheet;Respecting Cultural Sensitivity and Diversity in Relationships;en;;Search;1;2026-07-01 - 2026-07-31
2026-07-01 00:00:00.000;MOO002;Moore Cape Town Inc;South Africa;Lyra Southern Africa Pty Ltd;download;-;Desktop;Infosheet;Ways We Can All Join the Fight Against Gender-Based Violence;en;;Search;1;2026-07-01 - 2026-07-31
2026-07-01 00:00:00.000;MOO002;Moore Cape Town Inc;South Africa;Lyra Southern Africa Pty Ltd;download;-;Desktop;Infosheet;Common Myths About HIV and AIDS;en;;Search;1;2026-07-01 - 2026-07-31
2026-07-01 00:00:00.000;MOO002;Moore Cape Town Inc;South Africa;Lyra Southern Africa Pty Ltd;download;-;Desktop;Infosheet;HIV and AIDS Statistics;en;;Search;1;2026-07-01 - 2026-07-31
2026-07-01 00:00:00.000;MOO002;Moore Cape Town Inc;South Africa;Lyra Southern Africa Pty Ltd;search;Diversity;Desktop;-;-;-;;;1;2026-07-01 - 2026-07-31
2026-07-01 00:00:00.000;MOO002;Moore Cape Town Inc;South Africa;Lyra Southern Africa Pty Ltd;search;n/a;Desktop;-;-;-;;;1;2026-07-01 - 2026-07-31
2026-07-01 00:00:00.000;MOO002;Moore Cape Town Inc;South Africa;Lyra Southern Africa Pty Ltd;search;inclusion;Desktop;-;-;-;;;1;2026-07-01 - 2026-07-31
2026-07-01 00:00:00.000;MOO002;Moore Cape Town Inc;South Africa;Lyra Southern Africa Pty Ltd;search;equity;Desktop;-;-;-;;;1;2026-07-01 - 2026-07-31
2026-07-01 00:00:00.000;MOO002;Moore Cape Town Inc;South Africa;Lyra Southern Africa Pty Ltd;search;hiv;Desktop;-;-;-;;;1;2026-07-01 - 2026-07-31
2026-07-01 00:00:00.000;MOO002;Moore Cape Town Inc;South Africa;Lyra Southern Africa Pty Ltd;view;-;Desktop;Infosheet;Tips for Working Within a Multicultural Workforce;-;Healthy workplace,Diversity and inclusivity;Search;1;2026-07-01 - 2026-07-31
2026-07-01 00:00:00.000;MOO002;Moore Cape Town Inc;South Africa;Lyra Southern Africa Pty Ltd;view;-;Desktop;Infosheet;Challenging Gendered Language;-;Mental wellbeing,Healthy workplace,Relationships,Diversity and inclusivity;Search;1;2026-07-01 - 2026-07-31
2026-07-01 00:00:00.000;MOO002;Moore Cape Town Inc;South Africa;Lyra Southern Africa Pty Ltd;view;-;Desktop;Infosheet;How Neurodiversity Can Affect Relationship Dynamics;-;Mental wellbeing,Relationships,Diversity and inclusivity;Search;1;2026-07-01 - 2026-07-31
2026-07-01 00:00:00.000;MOO002;Moore Cape Town Inc;South Africa;Lyra Southern Africa Pty Ltd;view;-;Desktop;Infosheet;How Can We Support and Empower People With Down Syndrome?;-;Mental wellbeing,Healthy workplace,Physical wellbeing,Relationships,Diversity and inclusivity;Search;1;2026-07-01 - 2026-07-31
2026-07-01 00:00:00.000;MOO002;Moore Cape Town Inc;South Africa;Lyra Southern Africa Pty Ltd;view;-;Desktop;Infosheet;How to Help Your Children Cope With Bullying;-;Mental wellbeing,Diversity and inclusivity;Search;1;2026-07-01 - 2026-07-31
2026-07-01 00:00:00.000;MOO002;Moore Cape Town Inc;South Africa;Lyra Southern Africa Pty Ltd;view;-;Desktop;Infosheet;Supporting Non-visible Disabilities in the Workplace;-;Healthy workplace;Search;1;2026-07-01 - 2026-07-31
2026-07-01 00:00:00.000;MOO002;Moore Cape Town Inc;South Africa;Lyra Southern Africa Pty Ltd;view;-;Desktop;Infosheet;How to Respectfully Handle Religious Differences at Work;-;Healthy workplace,Diversity and inclusivity;Search;1;2026-07-01 - 2026-07-31
2026-07-01 00:00:00.000;MOO002;Moore Cape Town Inc;South Africa;Lyra Southern Africa Pty Ltd;view;-;Desktop;Infosheet;How to Find Community as a Queer Person;-;Mental wellbeing,Diversity and inclusivity;Search;1;2026-07-01 - 2026-07-31
2026-07-01 00:00:00.000;MOO002;Moore Cape Town Inc;South Africa;Lyra Southern Africa Pty Ltd;view;-;Desktop;Infosheet;How to Celebrate Your Racial Identity;-;Mental wellbeing,Diversity and inclusivity;Search;1;2026-07-01 - 2026-07-31
2026-07-01 00:00:00.000;MOO002;Moore Cape Town Inc;South Africa;Lyra Southern Africa Pty Ltd;view;-;Desktop;Infosheet;Responding to Racial Microaggressions;-;Mental wellbeing,Healthy workplace,Diversity and inclusivity;Search;1;2026-07-01 - 2026-07-31
2026-07-01 00:00:00.000;MOO002;Moore Cape Town Inc;South Africa;Lyra Southern Africa Pty Ltd;view;-;Desktop;Infosheet;How to Communicate With Someone Who is Deaf or Hard of Hearing;-;Relationships,Diversity and inclusivity,Deaf,Hearing;Search;1;2026-07-01 - 2026-07-31
2026-07-01 00:00:00.000;MOO002;Moore Cape Town Inc;South Africa;Lyra Southern Africa Pty Ltd;view;-;Desktop;Infosheet;Acknowledging Your Worth as a Neurodivergent Person;-;Mental wellbeing,Diversity and inclusivity;Search;1;2026-07-01 - 2026-07-31
2026-07-01 00:00:00.000;MOO002;Moore Cape Town Inc;South Africa;Lyra Southern Africa Pty Ltd;view;-;Desktop;Infosheet;Respecting Cultural Sensitivity and Diversity in Relationships;-;Personal growth,Healthy workplace,Diversity and inclusivity;Search;1;2026-07-01 - 2026-07-31
2026-07-01 00:00:00.000;MOT005;Motor Industry Fund Administrators;South Africa;Lyra Southern Africa Pty Ltd;download;-;Desktop;Infosheet;Staying Grounded During Life Changes;en;;News;1;2026-07-01 - 2026-07-31
2026-07-01 00:00:00.000;MOT005;Motor Industry Fund Administrators;South Africa;Lyra Southern Africa Pty Ltd;download;-;Desktop;Infosheet;How to Prioritize When Everything Feels Urgent;en;;News;1;2026-07-01 - 2026-07-31
2026-07-01 00:00:00.000;MOT005;Motor Industry Fund Administrators;South Africa;Lyra Southern Africa Pty Ltd;download;-;Desktop;Infosheet;How to Prioritize When Everything Feels Urgent;vi;;News;1;2026-07-01 - 2026-07-31
2026-07-01 00:00:00.000;MOT005;Motor Industry Fund Administrators;South Africa;Lyra Southern Africa Pty Ltd;download;-;Desktop;Infosheet;How to Prioritize When Everything Feels Urgent;tr;;News;1;2026-07-01 - 2026-07-31
2026-07-01 00:00:00.000;MOT005;Motor Industry Fund Administrators;South Africa;Lyra Southern Africa Pty Ltd;download;-;Desktop;Infosheet;How to Prioritize When Everything Feels Urgent;es_la;;News;1;2026-07-01 - 2026-07-31
2026-07-01 00:00:00.000;MOT005;Motor Industry Fund Administrators;South Africa;Lyra Southern Africa Pty Ltd;download;-;Desktop;Infosheet;How to Prioritize When Everything Feels Urgent;es;;News;1;2026-07-01 - 2026-07-31
2026-07-01 00:00:00.000;MOT005;Motor Industry Fund Administrators;South Africa;Lyra Southern Africa Pty Ltd;download;-;Desktop;Infosheet;How to Prioritize When Everything Feels Urgent;ru;;News;1;2026-07-01 - 2026-07-31
2026-07-01 00:00:00.000;MOT005;Motor Industry Fund Administrators;South Africa;Lyra Southern Africa Pty Ltd;download;-;Desktop;Infosheet;How to Prioritize When Everything Feels Urgent;pt_pt;;News;1;2026-07-01 - 2026-07-31
2026-07-01 00:00:00.000;MOT005;Motor Industry Fund Administrators;South Africa;Lyra Southern Africa Pty Ltd;download;-;Desktop;Infosheet;How to Prioritize When Everything Feels Urgent;pt_br;;News;1;2026-07-01 - 2026-07-31
2026-07-01 00:00:00.000;MOT005;Motor Industry Fund Administrators;South Africa;Lyra Southern Africa Pty Ltd;download;-;Desktop;Infosheet;How to Prioritize When Everything Feels Urgent;pl;;News;1;2026-07-01 - 2026-07-31
2026-07-01 00:00:00.000;MOT005;Motor Industry Fund Administrators;South Africa;Lyra Southern Africa Pty Ltd;download;-;Desktop;Infosheet;How to Prioritize When Everything Feels Urgent;ms;;News;1;2026-07-01 - 2026-07-31
2026-07-01 00:00:00.000;MOT005;Motor Industry Fund Administrators;South Africa;Lyra Southern Africa Pty Ltd;download;-;Desktop;Infosheet;How to Prioritize When Everything Feels Urgent;ja;;News;1;2026-07-01 - 2026-07-31
2026-07-01 00:00:00.000;MOT005;Motor Industry Fund Administrators;South Africa;Lyra Southern Africa Pty Ltd;download;-;Desktop;Infosheet;How to Prioritize When Everything Feels Urgent;it;;News;1;2026-07-01 - 2026-07-31
2026-07-01 00:00:00.000;MOT005;Motor Industry Fund Administrators;South Africa;Lyra Southern Africa Pty Ltd;download;-;Desktop;Infosheet;How to Prioritize When Everything Feels Urgent;hu;;News;1;2026-07-01 - 2026-07-31
2026-07-01 00:00:00.000;MOT005;Motor Industry Fund Administrators;South Africa;Lyra Southern Africa Pty Ltd;download;-;Desktop;Infosheet;How to Prioritize When Everything Feels Urgent;de;;News;1;2026-07-01 - 2026-07-31
2026-07-01 00:00:00.000;MOT005;Motor Industry Fund Administrators;South Africa;Lyra Southern Africa Pty Ltd;download;-;Desktop;Infosheet;How to Prioritize When Everything Feels Urgent;fr;;News;1;2026-07-01 - 2026-07-31
2026-07-01 00:00:00.000;MOT005;Motor Industry Fund Administrators;South Africa;Lyra Southern Africa Pty Ltd;download;-;Desktop;Infosheet;How to Prioritize When Everything Feels Urgent;nl;;News;1;2026-07-01 - 2026-07-31
2026-07-01 00:00:00.000;MOT005;Motor Industry Fund Administrators;South Africa;Lyra Southern Africa Pty Ltd;download;-;Desktop;Infosheet;How to Prioritize When Everything Feels Urgent;cs;;News;1;2026-07-01 - 2026-07-31
2026-07-01 00:00:00.000;MOT005;Motor Industry Fund Administrators;South Africa;Lyra Southern Africa Pty Ltd;download;-;Desktop;Infosheet;How to Prioritize When Everything Feels Urgent;zh_hant;;News;1;2026-07-01 - 2026-07-31
2026-07-01 00:00:00.000;MOT005;Motor Industry Fund Administrators;South Africa;Lyra Southern Africa Pty Ltd;download;-;Desktop;Infosheet;How to Prioritize When Everything Feels Urgent;zh;;News;1;2026-07-01 - 2026-07-31
2026-07-01 00:00:00.000;MOT005;Motor Industry Fund Administrators;South Africa;Lyra Southern Africa Pty Ltd;download;-;Desktop;Infosheet;How to Prioritize When Everything Feels Urgent;bg;;News;1;2026-07-01 - 2026-07-31
2026-07-01 00:00:00.000;MOT005;Motor Industry Fund Administrators;South Africa;Lyra Southern Africa Pty Ltd;download;-;Desktop;Infosheet;How to Prioritize When Everything Feels Urgent;ar;;News;1;2026-07-01 - 2026-07-31
2026-07-01 00:00:00.000;MOT005;Motor Industry Fund Administrators;South Africa;Lyra Southern Africa Pty Ltd;view;-;Desktop;Infosheet;Staying Grounded During Life Changes;-;Mental wellbeing,Grounding,Change;News;1;2026-07-01 - 2026-07-31
2026-07-01 00:00:00.000;MOT005;Motor Industry Fund Administrators;South Africa;Lyra Southern Africa Pty Ltd;view;-;Desktop;Infosheet;How to Prioritize When Everything Feels Urgent;-;Prioritization,Change;News;1;2026-07-01 - 2026-07-31
2026-07-01 00:00:00.000;NET001;Netcare;South Africa;Lyra Southern Africa Pty Ltd;download;-;Desktop;Infosheet;How to Prioritize When Everything Feels Urgent;vi;;Search;1;2026-07-01 - 2026-07-31
2026-07-01 00:00:00.000;NET001;Netcare;South Africa;Lyra Southern Africa Pty Ltd;download;-;Desktop;Infosheet;How to Prioritize When Everything Feels Urgent;tr;;Search;1;2026-07-01 - 2026-07-31
2026-07-01 00:00:00.000;NET001;Netcare;South Africa;Lyra Southern Africa Pty Ltd;download;-;Desktop;Infosheet;How to Prioritize When Everything Feels Urgent;es_la;;Search;1;2026-07-01 - 2026-07-31
2026-07-01 00:00:00.000;NET001;Netcare;South Africa;Lyra Southern Africa Pty Ltd;download;-;Desktop;Infosheet;How to Prioritize When Everything Feels Urgent;es;;Search;1;2026-07-01 - 2026-07-31
2026-07-01 00:00:00.000;NET001;Netcare;South Africa;Lyra Southern Africa Pty Ltd;download;-;Desktop;Infosheet;How to Prioritize When Everything Feels Urgent;ru;;Search;1;2026-07-01 - 2026-07-31
2026-07-01 00:00:00.000;NET001;Netcare;South Africa;Lyra Southern Africa Pty Ltd;download;-;Desktop;Infosheet;How to Prioritize When Everything Feels Urgent;pt_pt;;Search;1;2026-07-01 - 2026-07-31
2026-07-01 00:00:00.000;NET001;Netcare;South Africa;Lyra Southern Africa Pty Ltd;download;-;Desktop;Infosheet;How to Prioritize When Everything Feels Urgent;pt_br;;Search;1;2026-07-01 - 2026-07-31
2026-07-01 00:00:00.000;NET001;Netcare;South Africa;Lyra Southern Africa Pty Ltd;download;-;Desktop;Infosheet;How to Prioritize When Everything Feels Urgent;pl;;Search;1;2026-07-01 - 2026-07-31
2026-07-01 00:00:00.000;NET001;Netcare;South Africa;Lyra Southern Africa Pty Ltd;download;-;Desktop;Infosheet;How to Prioritize When Everything Feels Urgent;ms;;Search;1;2026-07-01 - 2026-07-31
2026-07-01 00:00:00.000;NET001;Netcare;South Africa;Lyra Southern Africa Pty Ltd;download;-;Desktop;Infosheet;How to Prioritize When Everything Feels Urgent;ja;;Search;1;2026-07-01 - 2026-07-31
2026-07-01 00:00:00.000;NET001;Netcare;South Africa;Lyra Southern Africa Pty Ltd;download;-;Desktop;Infosheet;How to Prioritize When Everything Feels Urgent;it;;Search;1;2026-07-01 - 2026-07-31
2026-07-01 00:00:00.000;NET001;Netcare;South Africa;Lyra Southern Africa Pty Ltd;download;-;Desktop;Infosheet;How to Prioritize When Everything Feels Urgent;hu;;Search;1;2026-07-01 - 2026-07-31
2026-07-01 00:00:00.000;NET001;Netcare;South Africa;Lyra Southern Africa Pty Ltd;download;-;Desktop;Infosheet;How to Prioritize When Everything Feels Urgent;de;;Search;1;2026-07-01 - 2026-07-31
2026-07-01 00:00:00.000;NET001;Netcare;South Africa;Lyra Southern Africa Pty Ltd;download;-;Desktop;Infosheet;How to Prioritize When Everything Feels Urgent;fr;;Search;1;2026-07-01 - 2026-07-31
2026-07-01 00:00:00.000;NET001;Netcare;South Africa;Lyra Southern Africa Pty Ltd;download;-;Desktop;Infosheet;How to Prioritize When Everything Feels Urgent;nl;;Search;1;2026-07-01 - 2026-07-31
2026-07-01 00:00:00.000;NET001;Netcare;South Africa;Lyra Southern Africa Pty Ltd;download;-;Desktop;Infosheet;How to Prioritize When Everything Feels Urgent;cs;;Search;1;2026-07-01 - 2026-07-31
2026-07-01 00:00:00.000;NET001;Netcare;South Africa;Lyra Southern Africa Pty Ltd;download;-;Desktop;Infosheet;How to Prioritize When Everything Feels Urgent;zh_hant;;Search;1;2026-07-01 - 2026-07-31
2026-07-01 00:00:00.000;NET001;Netcare;South Africa;Lyra Southern Africa Pty Ltd;download;-;Desktop;Infosheet;How to Prioritize When Everything Feels Urgent;zh;;Search;1;2026-07-01 - 2026-07-31
2026-07-01 00:00:00.000;NET001;Netcare;South Africa;Lyra Southern Africa Pty Ltd;download;-;Desktop;Infosheet;How to Prioritize When Everything Feels Urgent;bg;;Search;1;2026-07-01 - 2026-07-31
2026-07-01 00:00:00.000;NET001;Netcare;South Africa;Lyra Southern Africa Pty Ltd;download;-;Desktop;Infosheet;How to Prioritize When Everything Feels Urgent;ar;;Search;1;2026-07-01 - 2026-07-31
2026-07-01 00:00:00.000;NET001;Netcare;South Africa;Lyra Southern Africa Pty Ltd;download;-;Desktop;Infosheet;How to Prioritize When Everything Feels Urgent;en;;Search;1;2026-07-01 - 2026-07-31
2026-07-01 00:00:00.000;NET001;Netcare;South Africa;Lyra Southern Africa Pty Ltd;search;n/a;Desktop;-;-;-;;;1;2026-07-01 - 2026-07-31
2026-07-01 00:00:00.000;NEWMONT;Newmont;Australia;Lyra Health International Ltd;download;-;Desktop;Infosheet;Staying Grounded During Life Changes;en;;News;1;2026-07-01 - 2026-07-31
2026-07-01 00:00:00.000;NEWMONT;Newmont;Australia;Lyra Health International Ltd;download;-;Desktop;Infosheet;How to Prioritize When Everything Feels Urgent;en;;News;1;2026-07-01 - 2026-07-31
2026-07-01 00:00:00.000;NEWMONT;Newmont;Australia;Lyra Health International Ltd;download;-;Desktop;Infosheet;6 Ways to Create a Better Sleep Environment;en;;Search;1;2026-07-01 - 2026-07-31
2026-07-01 00:00:00.000;NEWMONT;Newmont;Australia;Lyra Health International Ltd;download;-;Desktop;Infosheet;How Diet Can Affect Your Mental Wellbeing;en;;Search;1;2026-07-01 - 2026-07-31
2026-07-01 00:00:00.000;NEWMONT;Newmont;Australia;Lyra Health International Ltd;download;-;Desktop;Infosheet;The Best Types of Exercise for Stress Management;en;;Search;1;2026-07-01 - 2026-07-31
2026-07-01 00:00:00.000;NEWMONT;Newmont;Australia;Lyra Health International Ltd;download;-;Desktop;Infosheet;Creating A Wellbeing Routine Around Work Shifts;en;;Search;1;2026-07-01 - 2026-07-31
2026-07-01 00:00:00.000;NEWMONT;Newmont;Australia;Lyra Health International Ltd;download;-;Desktop;Infosheet;What Fuels Your Motivation?;en;;Search;1;2026-07-01 - 2026-07-31
2026-07-01 00:00:00.000;NEWMONT;Newmont;Australia;Lyra Health International Ltd;download;-;Desktop;Infosheet;Understanding How Nutrition Affects Energy;en;;Search;1;2026-07-01 - 2026-07-31
2026-07-01 00:00:00.000;NEWMONT;Newmont;Australia;Lyra Health International Ltd;download;-;Desktop;Infosheet;Why Do Breathing Exercises?;en;;Search;1;2026-07-01 - 2026-07-31
2026-07-01 00:00:00.000;NEWMONT;Newmont;Australia;Lyra Health International Ltd;download;-;Desktop;Video;Box Breathing for Stressful Moments;en;;Search;1;2026-07-01 - 2026-07-31
2026-07-01 00:00:00.000;NEWMONT;Newmont;Australia;Lyra Health International Ltd;download;-;Desktop;Poster;Use Case Poster - Solving sleep problems;en;;Search;1;2026-07-01 - 2026-07-31
2026-07-01 00:00:00.000;NEWMONT;Newmont;Australia;Lyra Health International Ltd;search;sleep;Desktop;-;-;-;;;1;2026-07-01 - 2026-07-31
2026-07-01 00:00:00.000;NEWMONT;Newmont;Australia;Lyra Health International Ltd;search;n/a;Desktop;-;-;-;;;1;2026-07-01 - 2026-07-31
2026-07-01 00:00:00.000;NEWMONT;Newmont;Australia;Lyra Health International Ltd;search;exercise;Desktop;-;-;-;;;1;2026-07-01 - 2026-07-31
2026-07-01 00:00:00.000;NEWMONT;Newmont;Australia;Lyra Health International Ltd;search;move;Desktop;-;-;-;;;1;2026-07-01 - 2026-07-31
2026-07-01 00:00:00.000;NEWMONT;Newmont;Australia;Lyra Health International Ltd;search;connect;Desktop;-;-;-;;;1;2026-07-01 - 2026-07-31
2026-07-01 00:00:00.000;NEWMONT;Newmont;Australia;Lyra Health International Ltd;search;food;Desktop;-;-;-;;;1;2026-07-01 - 2026-07-31
2026-07-01 00:00:00.000;NEWMONT;Newmont;Australia;Lyra Health International Ltd;search;breathing;Desktop;-;-;-;;;1;2026-07-01 - 2026-07-31
2026-07-01 00:00:00.000;NEWMONT;Newmont;Australia;Lyra Health International Ltd;search;breath;Desktop;-;-;-;;;1;2026-07-01 - 2026-07-31
2026-07-01 00:00:00.000;NEWMONT;Newmont;Australia;Lyra Health International Ltd;view;-;Desktop;Infosheet;Staying Grounded During Life Changes;-;Mental wellbeing,Grounding,Change;News;1;2026-07-01 - 2026-07-31
2026-07-01 00:00:00.000;NEWMONT;Newmont;Australia;Lyra Health International Ltd;view;-;Desktop;Infosheet;How to Prioritize When Everything Feels Urgent;-;Prioritization,Change;News;1;2026-07-01 - 2026-07-31
2026-07-01 00:00:00.000;NEWMONT;Newmont;Ghana;Lyra Health International Ltd;download;-;Desktop;Infosheet;How to Give Feedback Effectively;en;;Search;1;2026-07-01 - 2026-07-31
2026-07-01 00:00:00.000;NEWMONT;Newmont;Ghana;Lyra Health International Ltd;download;-;Desktop;Infosheet;Why Listening to Feedback Matters for Managers;en;;Search;1;2026-07-01 - 2026-07-31
2026-07-01 00:00:00.000;NEWMONT;Newmont;Ghana;Lyra Health International Ltd;search;n/a;Desktop;-;-;-;;;1;2026-07-01 - 2026-07-31
2026-07-01 00:00:00.000;NEWMONT;Newmont;United States;Lyra Health International Ltd;search;n/a;Desktop;-;-;-;;;3;2026-07-01 - 2026-07-31
2026-07-01 00:00:00.000;PEPSICO;Pepsico;United States;Lyra Health International Ltd;search;manager;Desktop;-;-;-;;;1;2026-07-01 - 2026-07-31
2026-07-01 00:00:00.000;PEPSICO;Pepsico;United States;Lyra Health International Ltd;search;n/a;Desktop;-;-;-;;;1;2026-07-01 - 2026-07-31
2026-07-01 00:00:00.000;PROCTERGAMBLE;Procter & Gamble;Austria;Lyra Health International Ltd;search;n/a;Desktop;-;-;-;;;1;2026-07-01 - 2026-07-31
2026-07-01 00:00:00.000;PROQRNL;ProQR;Netherlands;Lyra Netherlands BV;view;-;Desktop;Infosheet;Staying Grounded During Life Changes;-;Mental wellbeing,Grounding,Change;News;1;2026-07-01 - 2026-07-31
2026-07-01 00:00:00.000;PROQRNL;ProQR;Netherlands;Lyra Netherlands BV;view;-;Desktop;Infosheet;How to Prioritize When Everything Feels Urgent;-;Prioritization,Change;News;1;2026-07-01 - 2026-07-31
2026-07-01 00:00:00.000;QBE;QBE Insurance;Sweden;Lyra Health International Ltd;search;n/a;Desktop;-;-;-;;;1;2026-07-01 - 2026-07-31
2026-07-01 00:00:00.000;QBE;QBE Insurance;United Kingdom;Lyra Health International Ltd;download;-;Desktop;Infosheet;Staying Grounded During Life Changes;en;;Search;1;2026-07-01 - 2026-07-31
2026-07-01 00:00:00.000;QBE;QBE Insurance;United Kingdom;Lyra Health International Ltd;download;-;Desktop;Infosheet;How to Prioritize When Everything Feels Urgent;en;;Search;1;2026-07-01 - 2026-07-31
2026-07-01 00:00:00.000;QBE;QBE Insurance;United Kingdom;Lyra Health International Ltd;search;n/a;Desktop;-;-;-;;;1;2026-07-01 - 2026-07-31
2026-07-01 00:00:00.000;RANK;Rank Leisure;Malta;Lyra Health International Ltd;search;How to Prioritize When Everything Feels Urgent;Desktop;-;-;-;;;1;2026-07-01 - 2026-07-31
2026-07-01 00:00:00.000;RANK;Rank Leisure;Malta;Lyra Health International Ltd;search;n/a;Desktop;-;-;-;;;1;2026-07-01 - 2026-07-31
2026-07-01 00:00:00.000;RANK;Rank Leisure;Malta;Lyra Health International Ltd;search;How to Prioritize When Ever;Desktop;-;-;-;;;1;2026-07-01 - 2026-07-31
2026-07-01 00:00:00.000;RANK;Rank Leisure;Malta;Lyra Health International Ltd;search;How to Prioritize When Everything Feels;Desktop;-;-;-;;;1;2026-07-01 - 2026-07-31
2026-07-01 00:00:00.000;RANK;Rank Leisure;Mauritius;Lyra Health International Ltd;view;-;Desktop;Infosheet;How to Prioritize When Everything Feels Urgent;-;Prioritization,Change;home;1;2026-07-01 - 2026-07-31
2026-07-01 00:00:00.000;RANK;Rank Leisure;Mauritius;Lyra Health International Ltd;view;-;Desktop;Infosheet;Staying Grounded During Life Changes;-;Mental wellbeing,Grounding,Change;home;1;2026-07-01 - 2026-07-31
2026-07-01 00:00:00.000;REDSLIM;Redslim;Germany;Lyra Health International Ltd;download;-;Desktop;Toolkit;Lyra Wellbeing Employee Onboarding Toolkit 2026;en;;Search;1;2026-07-01 - 2026-07-31
2026-07-01 00:00:00.000;REDSLIM;Redslim;Germany;Lyra Health International Ltd;download;-;Desktop;Infosheet;How to Prioritize When Everything Feels Urgent;en;;Search;1;2026-07-01 - 2026-07-31
2026-07-01 00:00:00.000;REDSLIM;Redslim;Germany;Lyra Health International Ltd;download;-;Desktop;Infosheet;How to Stay Motivated Over Long Periods;en;;Search;1;2026-07-01 - 2026-07-31
2026-07-01 00:00:00.000;REDSLIM;Redslim;Germany;Lyra Health International Ltd;download;-;Desktop;Infosheet;Why Listening to Feedback Matters for Managers;en;;Search;1;2026-07-01 - 2026-07-31
2026-07-01 00:00:00.000;REDSLIM;Redslim;Germany;Lyra Health International Ltd;download;-;Desktop;Poster;Spotting the Signs of a Stroke;en;;Search;1;2026-07-01 - 2026-07-31
2026-07-01 00:00:00.000;REDSLIM;Redslim;Germany;Lyra Health International Ltd;download;-;Desktop;Infosheet;Supporting a Team Member Who is Having Relationship Problems;en;;Search;1;2026-07-01 - 2026-07-31
2026-07-01 00:00:00.000;REDSLIM;Redslim;Germany;Lyra Health International Ltd;download;-;Desktop;Infosheet;The Best Types of Exercise for Stress Management;en;;Search;1;2026-07-01 - 2026-07-31
2026-07-01 00:00:00.000;REDSLIM;Redslim;Germany;Lyra Health International Ltd;download;-;Desktop;Infosheet;Supporting a Team Member Who is Struggling Financially;en;;Search;1;2026-07-01 - 2026-07-31
2026-07-01 00:00:00.000;REDSLIM;Redslim;Germany;Lyra Health International Ltd;download;-;Desktop;Infosheet;9 Ways to Beat Loneliness and Create Community for Remote Workers;en;;Search;1;2026-07-01 - 2026-07-31
2026-07-01 00:00:00.000;REDSLIM;Redslim;Germany;Lyra Health International Ltd;download;-;Desktop;Infosheet;Supporting Your Team in the Event of Domestic Violence;en;;Search;1;2026-07-01 - 2026-07-31
2026-07-01 00:00:00.000;REDSLIM;Redslim;Germany;Lyra Health International Ltd;download;-;Desktop;Infosheet;How to be an Effective Manager;en;;Search;1;2026-07-01 - 2026-07-31
2026-07-01 00:00:00.000;REDSLIM;Redslim;Germany;Lyra Health International Ltd;download;-;Desktop;Infosheet;Is All Stress Bad for Us?;en;;Search;1;2026-07-01 - 2026-07-31
2026-07-01 00:00:00.000;REDSLIM;Redslim;Germany;Lyra Health International Ltd;download;-;Desktop;Infosheet;How to Build Your Confidence as a Manager;en;;Search;1;2026-07-01 - 2026-07-31
2026-07-01 00:00:00.000;REDSLIM;Redslim;Germany;Lyra Health International Ltd;download;-;Desktop;Infosheet;How to Motivate Your Team;en;;Search;1;2026-07-01 - 2026-07-31
2026-07-01 00:00:00.000;REDSLIM;Redslim;Germany;Lyra Health International Ltd;download;-;Desktop;Infosheet;Caring for Your Musculoskeletal Health at Work;en;;Search;1;2026-07-01 - 2026-07-31
2026-07-01 00:00:00.000;REDSLIM;Redslim;Germany;Lyra Health International Ltd;download;-;Desktop;Toolkit;Neurodiversity at Work: A Guide for Managers;en;;Search;1;2026-07-01 - 2026-07-31
2026-07-01 00:00:00.000;REDSLIM;Redslim;Germany;Lyra Health International Ltd;download;-;Desktop;Infosheet;How to Give Feedback Effectively;en;;Search;1;2026-07-01 - 2026-07-31
2026-07-01 00:00:00.000;REDSLIM;Redslim;Germany;Lyra Health International Ltd;download;-;Desktop;Infosheet;Journaling Exercises to Help With Stress Management;en;;Search;1;2026-07-01 - 2026-07-31
2026-07-01 00:00:00.000;REDSLIM;Redslim;Germany;Lyra Health International Ltd;download;-;Desktop;Infosheet;Signs Someone May Be Struggling With Their Mental Health;en;;Search;1;2026-07-01 - 2026-07-31
2026-07-01 00:00:00.000;REDSLIM;Redslim;Germany;Lyra Health International Ltd;download;-;Desktop;Infosheet;How to Prioritize Self-care;en;;Search;1;2026-07-01 - 2026-07-31
2026-07-01 00:00:00.000;REDSLIM;Redslim;Germany;Lyra Health International Ltd;download;-;Desktop;Infosheet;A Guide to Different Management Styles;en;;Search;1;2026-07-01 - 2026-07-31
2026-07-01 00:00:00.000;REDSLIM;Redslim;Germany;Lyra Health International Ltd;download;-;Desktop;Infosheet;Helping an Employee Through Substance Use Issues;en;;Search;1;2026-07-01 - 2026-07-31
2026-07-01 00:00:00.000;REDSLIM;Redslim;Germany;Lyra Health International Ltd;download;-;Desktop;Infosheet;5 Self-care Tips for Holiday Season;en;;Search;1;2026-07-01 - 2026-07-31
2026-07-01 00:00:00.000;REDSLIM;Redslim;Germany;Lyra Health International Ltd;download;-;Desktop;Infosheet;5 Ways to Encourage Connection and Collaboration Within Your Team;en;;Search;1;2026-07-01 - 2026-07-31
2026-07-01 00:00:00.000;REDSLIM;Redslim;Germany;Lyra Health International Ltd;download;-;Desktop;Infosheet;Supporting a Team Member Experiencing Family Problems;en;;Search;1;2026-07-01 - 2026-07-31
2026-07-01 00:00:00.000;REDSLIM;Redslim;Germany;Lyra Health International Ltd;download;-;Desktop;Infosheet;Practical Tips to Help You Lead By Example;en;;Search;1;2026-07-01 - 2026-07-31
2026-07-01 00:00:00.000;REDSLIM;Redslim;Germany;Lyra Health International Ltd;download;-;Desktop;Infosheet;Resolving Conflict Within a Team;en;;Search;1;2026-07-01 - 2026-07-31
2026-07-01 00:00:00.000;REDSLIM;Redslim;Germany;Lyra Health International Ltd;download;-;Desktop;Infosheet;How to Support Someone Through Change as a People Leader;en;;Search;1;2026-07-01 - 2026-07-31
2026-07-01 00:00:00.000;REDSLIM;Redslim;Germany;Lyra Health International Ltd;download;-;Desktop;Infosheet;Supporting an Employee Affected by Trauma;en;;Search;1;2026-07-01 - 2026-07-31
2026-07-01 00:00:00.000;REDSLIM;Redslim;Germany;Lyra Health International Ltd;download;-;Desktop;Quiz;Identify Your Management Style (Quiz);en;;Search;1;2026-07-01 - 2026-07-31
2026-07-01 00:00:00.000;REDSLIM;Redslim;Germany;Lyra Health International Ltd;download;-;Desktop;Infosheet;7 Tips for First-time People Managers;en;;Search;1;2026-07-01 - 2026-07-31
2026-07-01 00:00:00.000;REDSLIM;Redslim;Germany;Lyra Health International Ltd;download;-;Desktop;Infosheet;Managing Resistance to Change Within a Team;en;;Search;1;2026-07-01 - 2026-07-31
2026-07-01 00:00:00.000;REDSLIM;Redslim;Germany;Lyra Health International Ltd;download;-;Desktop;Infosheet;A Manager’s Guide to Developing Team Resilience;en;;Search;1;2026-07-01 - 2026-07-31
2026-07-01 00:00:00.000;REDSLIM;Redslim;Germany;Lyra Health International Ltd;search;n/a;Desktop;-;-;-;;;1;2026-07-01 - 2026-07-31
2026-07-01 00:00:00.000;REDSLIM;Redslim;Germany;Lyra Health International Ltd;view;-;Desktop;Infosheet;Is All Stress Bad for Us?;-;Mental wellbeing;Search;1;2026-07-01 - 2026-07-31
2026-07-01 00:00:00.000;REDSLIM;Redslim;Germany;Lyra Health International Ltd;view;-;Desktop;Video;Mental health support: What happens when you contact Lyra?;-;;Search;1;2026-07-01 - 2026-07-31
2026-07-01 00:00:00.000;REDSLIM;Redslim;Germany;Lyra Health International Ltd;view;-;Desktop;Video;UK Insights map;-;Mental wellbeing,Lyra Wellbeing Services;Search;1;2026-07-01 - 2026-07-31
2026-07-01 00:00:00.000;REDSLIM;Redslim;Germany;Lyra Health International Ltd;view;-;Desktop;Infosheet;How to Prioritize When Everything Feels Urgent;-;Prioritization,Change;Search;1;2026-07-01 - 2026-07-31
2026-07-01 00:00:00.000;REDSLIM;Redslim;Germany;Lyra Health International Ltd;view;-;Desktop;Infosheet;Clinical Assessment Tools - Measuring the Impact of Your EAP;-;Mental wellbeing;Search;1;2026-07-01 - 2026-07-31
2026-07-01 00:00:00.000;REDSLIM;Redslim;Germany;Lyra Health International Ltd;view;-;Desktop;Infosheet;Digital Safety Checklist;-;Digital wellbeing;Search;1;2026-07-01 - 2026-07-31
2026-07-01 00:00:00.000;REDSLIM;Redslim;Germany;Lyra Health International Ltd;view;-;Desktop;Poster;Spotting the Signs of a Stroke;-;Physical wellbeing,Stroke;Search;1;2026-07-01 - 2026-07-31
2026-07-01 00:00:00.000;REDSLIM;Redslim;Germany;Lyra Health International Ltd;view;-;Desktop;Infosheet;How to Identify Your Boundaries;-;Mental wellbeing,Self-care,Boundaries;Search;1;2026-07-01 - 2026-07-31
2026-07-01 00:00:00.000;REDSLIM;Redslim;Germany;Lyra Health International Ltd;view;-;Desktop;Infosheet;5 Self-care Tips for Holiday Season;-;Mental wellbeing;Search;1;2026-07-01 - 2026-07-31
2026-07-01 00:00:00.000;REDSLIM;Redslim;Germany;Lyra Health International Ltd;view;-;Desktop;Toolkit;Lyra Wellbeing Employee Onboarding Toolkit 2026;-;Lyra Wellbeing Services;Search;1;2026-07-01 - 2026-07-31
2026-07-01 00:00:00.000;REDSLIM;Redslim;Germany;Lyra Health International Ltd;view;-;Desktop;Infosheet;How to Motivate Your Team;-;Healthy workplace,Mental wellbeing;Search;1;2026-07-01 - 2026-07-31
2026-07-01 00:00:00.000;REDSLIM;Redslim;Germany;Lyra Health International Ltd;view;-;Desktop;Infosheet;5-Minute Emotional Check-in;-;Mental wellbeing;Search;1;2026-07-01 - 2026-07-31
2026-07-01 00:00:00.000;REDSLIM;Redslim;Germany;Lyra Health International Ltd;view;-;Desktop;Infosheet;Caring for Your Musculoskeletal Health at Work;-;Physical wellbeing;Search;1;2026-07-01 - 2026-07-31
2026-07-01 00:00:00.000;REDSLIM;Redslim;Germany;Lyra Health International Ltd;view;-;Desktop;Toolkit;Neurodiversity at Work: A Guide for Managers;-;Neurodiversity;Search;1;2026-07-01 - 2026-07-31
2026-07-01 00:00:00.000;REDSLIM;Redslim;Germany;Lyra Health International Ltd;view;-;Desktop;Infosheet;How to Give Feedback Effectively;-;Healthy workplace,Management;Search;1;2026-07-01 - 2026-07-31
2026-07-01 00:00:00.000;REDSLIM;Redslim;Germany;Lyra Health International Ltd;view;-;Desktop;Infosheet;Practical Tips to Help You Lead By Example;-;Healthy workplace,Management;Search;1;2026-07-01 - 2026-07-31
2026-07-01 00:00:00.000;REDSLIM;Redslim;Germany;Lyra Health International Ltd;view;-;Desktop;Poster;Mental Health Awareness Month: How Are You Doing?;-;Mental wellbeing;Search;1;2026-07-01 - 2026-07-31
2026-07-01 00:00:00.000;REDSLIM;Redslim;Germany;Lyra Health International Ltd;view;-;Desktop;Infosheet;Signs Someone May Be Struggling With Their Mental Health;-;Mental wellbeing,Relationships;Search;1;2026-07-01 - 2026-07-31
2026-07-01 00:00:00.000;REDSLIM;Redslim;Germany;Lyra Health International Ltd;view;-;Desktop;Infosheet;Parental Guilt and Switching Off;-;Mental wellbeing,Parenting;Search;1;2026-07-01 - 2026-07-31
2026-07-01 00:00:00.000;REDSLIM;Redslim;Germany;Lyra Health International Ltd;view;-;Desktop;Infosheet;How to Prioritize Self-care;-;Self-care,Self-compassion;Search;1;2026-07-01 - 2026-07-31
2026-07-01 00:00:00.000;REDSLIM;Redslim;Germany;Lyra Health International Ltd;view;-;Desktop;Quiz;Identify Your Management Style (Quiz);-;Healthy workplace;Search;1;2026-07-01 - 2026-07-31
2026-07-01 00:00:00.000;REDSLIM;Redslim;Germany;Lyra Health International Ltd;view;-;Desktop;Infosheet;7 Tips for First-time People Managers;-;Healthy workplace,Mental wellbeing,Lyra Wellbeing Services;Search;1;2026-07-01 - 2026-07-31
2026-07-01 00:00:00.000;REDSLIM;Redslim;Germany;Lyra Health International Ltd;view;-;Desktop;Infosheet;How to Motivate Your Team;-;Healthy workplace,Motivation;Search;1;2026-07-01 - 2026-07-31
2026-07-01 00:00:00.000;REDSLIM;Redslim;Germany;Lyra Health International Ltd;view;-;Desktop;Infosheet;50 Acts of Kindness to Try This Week;-;Mental wellbeing,Personal growth,Kindness;Search;1;2026-07-01 - 2026-07-31
2026-07-01 00:00:00.000;REDSLIM;Redslim;Germany;Lyra Health International Ltd;view;-;Desktop;Infosheet;Use Case Poster - Building Personal Confidence;-;Healthy workplace;Search;1;2026-07-01 - 2026-07-31
2026-07-01 00:00:00.000;REDSLIM;Redslim;Germany;Lyra Health International Ltd;view;-;Desktop;Infosheet;A Manager’s Guide to Developing Team Resilience;-;Healthy workplace;Search;1;2026-07-01 - 2026-07-31
2026-07-01 00:00:00.000;REDSLIM;Redslim;Germany;Lyra Health International Ltd;view;-;Desktop;Poster;Use Case Poster - Coping With the Impact of New Technology;-;Mental wellbeing,Lyra Wellbeing Services;Search;1;2026-07-01 - 2026-07-31
2026-07-01 00:00:00.000;REDSLIM;Redslim;Germany;Lyra Health International Ltd;view;-;Desktop;Infosheet;Managing Resistance to Change Within a Team;-;Healthy workplace;Search;1;2026-07-01 - 2026-07-31
2026-07-01 00:00:00.000;RELX;RELX;Philippines;Lyra Health International Ltd;download;-;Desktop;Infosheet;6 Home and Office Hacks to Support Healthier Choices;en;;Search;1;2026-07-01 - 2026-07-31
2026-07-01 00:00:00.000;RELX;RELX;Philippines;Lyra Health International Ltd;download;-;Desktop;Infosheet;How to Include More Nutrients in Your Diet;en;;Search;1;2026-07-01 - 2026-07-31
2026-07-01 00:00:00.000;RELX;RELX;Philippines;Lyra Health International Ltd;download;-;Desktop;Infosheet;Staying Grounded During Life Changes;en;;Search;1;2026-07-01 - 2026-07-31
2026-07-01 00:00:00.000;RELX;RELX;Philippines;Lyra Health International Ltd;download;-;Desktop;Infosheet;5 Meaningful Ways to Remember Loved Ones Who Have Passed;en;;Search;1;2026-07-01 - 2026-07-31
2026-07-01 00:00:00.000;RELX;RELX;Philippines;Lyra Health International Ltd;download;-;Desktop;Infosheet;Coping with Grief After Loss;en;;Search;1;2026-07-01 - 2026-07-31
2026-07-01 00:00:00.000;RELX;RELX;Philippines;Lyra Health International Ltd;download;-;Desktop;Poster;Use Case Poster - Finding Strength in Difficult Situations;en;;Search;1;2026-07-01 - 2026-07-31
2026-07-01 00:00:00.000;RELX;RELX;Philippines;Lyra Health International Ltd;search;n/a;Desktop;-;-;-;;;2;2026-07-01 - 2026-07-31
2026-07-01 00:00:00.000;RELX;RELX;Philippines;Lyra Health International Ltd;search;july;Desktop;-;-;-;;;1;2026-07-01 - 2026-07-31
2026-07-01 00:00:00.000;RELX;RELX;Philippines;Lyra Health International Ltd;search;dysmenorrhea;Desktop;-;-;-;;;1;2026-07-01 - 2026-07-31
2026-07-01 00:00:00.000;RELX;RELX;Philippines;Lyra Health International Ltd;search;tooth;Desktop;-;-;-;;;1;2026-07-01 - 2026-07-31
2026-07-01 00:00:00.000;RELX;RELX;Philippines;Lyra Health International Ltd;search;muscle;Desktop;-;-;-;;;1;2026-07-01 - 2026-07-31
2026-07-01 00:00:00.000;RELX;RELX;Philippines;Lyra Health International Ltd;search;allergy;Desktop;-;-;-;;;1;2026-07-01 - 2026-07-31
2026-07-01 00:00:00.000;RELX;RELX;Philippines;Lyra Health International Ltd;search;covid;Desktop;-;-;-;;;1;2026-07-01 - 2026-07-31
2026-07-01 00:00:00.000;RELX;RELX;Philippines;Lyra Health International Ltd;search;grief;Desktop;-;-;-;;;2;2026-07-01 - 2026-07-31
2026-07-01 00:00:00.000;RELX;RELX;Philippines;Lyra Health International Ltd;search;death;Desktop;-;-;-;;;1;2026-07-01 - 2026-07-31
2026-07-01 00:00:00.000;RELX;RELX;Philippines;Lyra Health International Ltd;search;grief counseling;Desktop;-;-;-;;;1;2026-07-01 - 2026-07-31
2026-07-01 00:00:00.000;RELX;RELX;Philippines;Lyra Health International Ltd;view;-;Desktop;Infosheet;6 Home and Office Hacks to Support Healthier Choices;-;Healthy workplace;Search;1;2026-07-01 - 2026-07-31
2026-07-01 00:00:00.000;RELX;RELX;Philippines;Lyra Health International Ltd;view;-;Desktop;Infosheet;Creating A Wellbeing Routine Around Work Shifts;-;Healthy workplace,Mental wellbeing;Search;1;2026-07-01 - 2026-07-31
2026-07-01 00:00:00.000;RELX;RELX;Philippines;Lyra Health International Ltd;view;-;Desktop;Infosheet;6 Ways to Deal With a Panic Attack;-;Mental wellbeing;Search;1;2026-07-01 - 2026-07-31
2026-07-01 00:00:00.000;RELX;RELX;Philippines;Lyra Health International Ltd;view;-;Desktop;Infosheet;Caring for Your Musculoskeletal Health at Work;-;Physical wellbeing;Search;1;2026-07-01 - 2026-07-31
2026-07-01 00:00:00.000;RELX;RELX;Philippines;Lyra Health International Ltd;view;-;Desktop;Infosheet;How to Include More Nutrients in Your Diet;-;Nutrition;Search;1;2026-07-01 - 2026-07-31
2026-07-01 00:00:00.000;RELX;RELX;Philippines;Lyra Health International Ltd;view;-;Desktop;Infosheet;Understanding How Nutrition Affects Energy;-;Nutrition;Search;1;2026-07-01 - 2026-07-31
2026-07-01 00:00:00.000;RELX;RELX;Philippines;Lyra Health International Ltd;view;-;Desktop;Infosheet;How to Stop Comparing Yourself To Others;-;Mental wellbeing,Self-compassion,Self-care;Search;1;2026-07-01 - 2026-07-31
2026-07-01 00:00:00.000;RELX;RELX;Philippines;Lyra Health International Ltd;view;-;Desktop;Infosheet;Parental Guilt and Switching Off;-;Mental wellbeing,Parenting;Search;1;2026-07-01 - 2026-07-31
2026-07-01 00:00:00.000;RELX;RELX;Philippines;Lyra Health International Ltd;view;-;Desktop;Infosheet;Staying Grounded During Life Changes;-;Mental wellbeing,Grounding,Change;Search;1;2026-07-01 - 2026-07-31
2026-07-01 00:00:00.000;RELX;RELX;Philippines;Lyra Health International Ltd;view;-;Desktop;Infosheet;Perspective Shifts for Creative Problem Solving;-;Problem solving;Search;1;2026-07-01 - 2026-07-31
2026-07-01 00:00:00.000;RELX;RELX;Philippines;Lyra Health International Ltd;view;-;Desktop;Infosheet;5 Meaningful Ways to Remember Loved Ones Who Have Passed;-;Relationships,Mental wellbeing,Grief;Search;1;2026-07-01 - 2026-07-31
2026-07-01 00:00:00.000;RELX;RELX;Philippines;Lyra Health International Ltd;view;-;Desktop;Infosheet;How to Prepare for the Death of a Loved One;-;Bereavement;Search;1;2026-07-01 - 2026-07-31
2026-07-01 00:00:00.000;RELX;RELX;Philippines;Lyra Health International Ltd;view;-;Desktop;Infosheet;Coping with Grief After Loss;-;Mental wellbeing,Bereavement;Search;1;2026-07-01 - 2026-07-31
2026-07-01 00:00:00.000;RELX;RELX;Philippines;Lyra Health International Ltd;view;-;Desktop;Infosheet;Coping With the Death of a Partner;-;Mental wellbeing,Relationships;Search;1;2026-07-01 - 2026-07-31
2026-07-01 00:00:00.000;ROCHE;ROCHE;Philippines;Lyra Health International Ltd;download;-;Desktop;Infosheet;How to Prioritize When Everything Feels Urgent;en;;Search;1;2026-07-01 - 2026-07-31
2026-07-01 00:00:00.000;ROCHE;ROCHE;Philippines;Lyra Health International Ltd;search;n/a;Desktop;-;-;-;;;1;2026-07-01 - 2026-07-31
2026-07-01 00:00:00.000;ROCHE;ROCHE;Philippines;Lyra Health International Ltd;view;-;Desktop;Infosheet;How to Prioritize When Everything Feels Urgent;-;Prioritization,Change;Search;1;2026-07-01 - 2026-07-31
2026-07-01 00:00:00.000;ROCHE;ROCHE;Philippines;Lyra Health International Ltd;view;-;Desktop;Video;Box Breathing for Stressful Moments;-;Stress;Search;1;2026-07-01 - 2026-07-31
2026-07-01 00:00:00.000;ROCHE;ROCHE;Philippines;Lyra Health International Ltd;view;-;Desktop;Infosheet;The 5 Whys of Creative Problem Solving;-;Problem solving;Search;1;2026-07-01 - 2026-07-31
2026-07-01 00:00:00.000;ROCHE;ROCHE;Philippines;Lyra Health International Ltd;view;-;Desktop;Infosheet;5 Ways to Start a Conversation About Mental Health;-;Mental wellbeing;Search;1;2026-07-01 - 2026-07-31
2026-07-01 00:00:00.000;RSGROUP;RS Group PLC;South Africa;Lyra Health International Ltd;download;-;Desktop;Infosheet;8 Ways to Stay Motivated When You're Busy;en;;Search;1;2026-07-01 - 2026-07-31
2026-07-01 00:00:00.000;RSGROUP;RS Group PLC;South Africa;Lyra Health International Ltd;download;-;Desktop;Toolkit;30 Day Women's Wellness Calendar;en;;Search;1;2026-07-01 - 2026-07-31
2026-07-01 00:00:00.000;RSGROUP;RS Group PLC;South Africa;Lyra Health International Ltd;download;-;Desktop;Video;Mental health support: What happens when you contact Lyra?;en;;Search;1;2026-07-01 - 2026-07-31
2026-07-01 00:00:00.000;RSGROUP;RS Group PLC;South Africa;Lyra Health International Ltd;download;-;Desktop;Infosheet;How to Stop Comparing Yourself To Others;en;;Search;1;2026-07-01 - 2026-07-31
2026-07-01 00:00:00.000;RSGROUP;RS Group PLC;South Africa;Lyra Health International Ltd;download;-;Desktop;Infosheet;How to Prioritize Self-care;en;;Search;1;2026-07-01 - 2026-07-31
2026-07-01 00:00:00.000;RSGROUP;RS Group PLC;South Africa;Lyra Health International Ltd;download;-;Desktop;undefined;How to Prioritize When Everything Feels Urgent;en;;home;1;2026-07-01 - 2026-07-31
2026-07-01 00:00:00.000;RSGROUP;RS Group PLC;South Africa;Lyra Health International Ltd;download;-;Desktop;undefined;Staying Grounded During Life Changes;en;;home;1;2026-07-01 - 2026-07-31
2026-07-01 00:00:00.000;RSGROUP;RS Group PLC;South Africa;Lyra Health International Ltd;download;-;Desktop;Infosheet;Staying Grounded During Life Changes;en;;Search;1;2026-07-01 - 2026-07-31
2026-07-01 00:00:00.000;RSGROUP;RS Group PLC;South Africa;Lyra Health International Ltd;download;-;Desktop;Infosheet;How to Prioritize When Everything Feels Urgent;en;;Search;1;2026-07-01 - 2026-07-31
2026-07-01 00:00:00.000;RSGROUP;RS Group PLC;South Africa;Lyra Health International Ltd;save;-;Desktop;-;-;-;;Search;1;2026-07-01 - 2026-07-31
2026-07-01 00:00:00.000;RSGROUP;RS Group PLC;South Africa;Lyra Health International Ltd;search;n/a;Desktop;-;-;-;;;2;2026-07-01 - 2026-07-31
2026-07-01 00:00:00.000;RSGROUP;RS Group PLC;South Africa;Lyra Health International Ltd;search;exercise;Desktop;-;-;-;;;1;2026-07-01 - 2026-07-31
2026-07-01 00:00:00.000;RSGROUP;RS Group PLC;South Africa;Lyra Health International Ltd;view;-;Desktop;Infosheet;8 Ways to Stay Motivated When You're Busy;-;Personal growth,Motivation;Search;1;2026-07-01 - 2026-07-31
2026-07-01 00:00:00.000;RSGROUP;RS Group PLC;South Africa;Lyra Health International Ltd;view;-;Desktop;Infosheet;Practical Tips to Help You Lead By Example;-;Healthy workplace,Management;Search;1;2026-07-01 - 2026-07-31
2026-07-01 00:00:00.000;RSGROUP;RS Group PLC;South Africa;Lyra Health International Ltd;view;-;Desktop;Infosheet;How to Build a Team Culture Where it’s Safe to Speak Up;-;Healthy workplace;Search;1;2026-07-01 - 2026-07-31
2026-07-01 00:00:00.000;RSGROUP;RS Group PLC;South Africa;Lyra Health International Ltd;view;-;Desktop;Infosheet;Helping an Employee Through Substance Use Issues;-;Substance use,Addiction,Healthy workplace;Search;1;2026-07-01 - 2026-07-31
2026-07-01 00:00:00.000;RSGROUP;RS Group PLC;South Africa;Lyra Health International Ltd;view;-;Desktop;Infosheet;6 Home and Office Hacks to Support Healthier Choices;-;Healthy workplace;Search;1;2026-07-01 - 2026-07-31
2026-07-01 00:00:00.000;RSGROUP;RS Group PLC;South Africa;Lyra Health International Ltd;view;-;Desktop;Infosheet;Looking After Yourself as a Caregiver;-;Mental wellbeing,Stress;Search;1;2026-07-01 - 2026-07-31
2026-07-01 00:00:00.000;RSGROUP;RS Group PLC;South Africa;Lyra Health International Ltd;view;-;Desktop;Infosheet;Learning to Identify Healthy Friendships;-;Mental wellbeing,Relationships;Search;1;2026-07-01 - 2026-07-31
2026-07-01 00:00:00.000;RSGROUP;RS Group PLC;South Africa;Lyra Health International Ltd;view;-;Desktop;Toolkit;30 Day Women's Wellness Calendar;-;Women's Health;Search;1;2026-07-01 - 2026-07-31
2026-07-01 00:00:00.000;RSGROUP;RS Group PLC;South Africa;Lyra Health International Ltd;view;-;Desktop;Toolkit;Toolkit for Reducing Substance Use;-;Healthy workplace,Substance use,Substance;Search;1;2026-07-01 - 2026-07-31
2026-07-01 00:00:00.000;RSGROUP;RS Group PLC;South Africa;Lyra Health International Ltd;view;-;Desktop;Infosheet;A Manager’s Guide to Developing Team Resilience;-;Healthy workplace;Search;1;2026-07-01 - 2026-07-31
2026-07-01 00:00:00.000;RSGROUP;RS Group PLC;South Africa;Lyra Health International Ltd;view;-;Desktop;Infosheet;Use Case Poster - Building Personal Confidence;-;Healthy workplace;Search;1;2026-07-01 - 2026-07-31
2026-07-01 00:00:00.000;RSGROUP;RS Group PLC;South Africa;Lyra Health International Ltd;view;-;Desktop;Infosheet;How to Prioritize When Everything Feels Urgent;-;Prioritization,Change;home;1;2026-07-01 - 2026-07-31
2026-07-01 00:00:00.000;RSGROUP;RS Group PLC;South Africa;Lyra Health International Ltd;view;-;Desktop;Video;Mental health support: What happens when you contact Lyra?;-;;Search;1;2026-07-01 - 2026-07-31
2026-07-01 00:00:00.000;RSGROUP;RS Group PLC;South Africa;Lyra Health International Ltd;view;-;Desktop;Infosheet;Affirmations to Help Build Self-esteem;-;Mental wellbeing,Affirmation,Self-compassion;Search;1;2026-07-01 - 2026-07-31
2026-07-01 00:00:00.000;RSGROUP;RS Group PLC;United Kingdom;Lyra Health International Ltd;download;-;Desktop;Infosheet;How to Prioritize When Everything Feels Urgent;en;;DirectEntry;1;2026-07-01 - 2026-07-31
2026-07-01 00:00:00.000;RSGROUP;RS Group PLC;United Kingdom;Lyra Health International Ltd;search;n/a;Desktop;-;-;-;;;2;2026-07-01 - 2026-07-31
2026-07-01 00:00:00.000;RSGROUP;RS Group PLC;United Kingdom;Lyra Health International Ltd;update;-;Desktop;-;-;-;Mental wellbeing,Parenting;undefined;1;2026-07-01 - 2026-07-31
2026-07-01 00:00:00.000;RSGROUP;RS Group PLC;United Kingdom;Lyra Health International Ltd;view;-;Desktop;Infosheet;Parental Guilt and Switching Off;-;Mental wellbeing,Parenting;DirectEntry;1;2026-07-01 - 2026-07-31
2026-07-01 00:00:00.000;RSGROUP;RS Group PLC;United Kingdom;Lyra Health International Ltd;view;-;Desktop;Infosheet;How to Prioritize When Everything Feels Urgent;-;Prioritization,Change;DirectEntry;1;2026-07-01 - 2026-07-31
2026-07-01 00:00:00.000;SAP;SAP;Australia;Lyra Health International Ltd;download;-;Desktop;Infosheet;Privacy and Confidentiality;en;;Search;1;2026-07-01 - 2026-07-31
2026-07-01 00:00:00.000;SAP;SAP;Australia;Lyra Health International Ltd;search;EAP;Desktop;-;-;-;;;1;2026-07-01 - 2026-07-31
2026-07-01 00:00:00.000;SAP;SAP;Australia;Lyra Health International Ltd;search;n/a;Desktop;-;-;-;;;1;2026-07-01 - 2026-07-31
2026-07-01 00:00:00.000;SAP;SAP;Germany;Lyra Health International Ltd;search;n/a;Desktop;-;-;-;;;4;2026-07-01 - 2026-07-31
2026-07-01 00:00:00.000;SAP;SAP;Germany;Lyra Health International Ltd;search;relationship;Desktop;-;-;-;;;1;2026-07-01 - 2026-07-31
2026-07-01 00:00:00.000;SAP;SAP;Germany;Lyra Health International Ltd;view;-;Desktop;Infosheet;5 Ways to Start a Conversation About Mental Health;-;Mental wellbeing;Search;1;2026-07-01 - 2026-07-31
2026-07-01 00:00:00.000;SAP;SAP;Italy;Lyra Health International Ltd;download;-;Desktop;Infosheet;Staying Grounded During Life Changes;it;;Search;1;2026-07-01 - 2026-07-31
2026-07-01 00:00:00.000;SAP;SAP;Italy;Lyra Health International Ltd;download;-;Desktop;Infosheet;How to Prioritize When Everything Feels Urgent;it;;Search;1;2026-07-01 - 2026-07-31
2026-07-01 00:00:00.000;SAP;SAP;Italy;Lyra Health International Ltd;download;-;Desktop;Infosheet;March 2026 Webinar Invitation: Navigating the Emotional Terrain of Fertility Struggles;it;;Search;1;2026-07-01 - 2026-07-31
2026-07-01 00:00:00.000;SAP;SAP;Italy;Lyra Health International Ltd;search;box Breathing for Stressful Moments;Desktop;-;-;-;;;1;2026-07-01 - 2026-07-31
2026-07-01 00:00:00.000;SAP;SAP;Italy;Lyra Health International Ltd;search;Navigating Big Life Events;Desktop;-;-;-;;;1;2026-07-01 - 2026-07-31
2026-07-01 00:00:00.000;SAP;SAP;Italy;Lyra Health International Ltd;search;navigating Big Life Events;Desktop;-;-;-;;;1;2026-07-01 - 2026-07-31
2026-07-01 00:00:00.000;SAP;SAP;Italy;Lyra Health International Ltd;search;n/a;Desktop;-;-;-;;;1;2026-07-01 - 2026-07-31
2026-07-01 00:00:00.000;SAP;SAP;Netherlands;Lyra Health International Ltd;download;-;Desktop;Infosheet;6 Home and Office Hacks to Support Healthier Choices;en;;Search;1;2026-07-01 - 2026-07-31
2026-07-01 00:00:00.000;SAP;SAP;Netherlands;Lyra Health International Ltd;download;-;Desktop;Video;Short Guided Meditation for Moments of Stress;en;;Search;1;2026-07-01 - 2026-07-31
2026-07-01 00:00:00.000;SAP;SAP;Netherlands;Lyra Health International Ltd;download;-;Desktop;Infosheet;How Protein and Fiber Keep You Fuller for Longer;en;;Search;1;2026-07-01 - 2026-07-31
2026-07-01 00:00:00.000;SAP;SAP;Netherlands;Lyra Health International Ltd;download;-;Desktop;Infosheet;How Self-compassion Can Help You Achieve Your Fitness Goals;en;;Search;1;2026-07-01 - 2026-07-31
2026-07-01 00:00:00.000;SAP;SAP;Netherlands;Lyra Health International Ltd;download;-;Desktop;Toolkit;30 Day Women's Wellness Calendar;en;;Search;1;2026-07-01 - 2026-07-31
2026-07-01 00:00:00.000;SAP;SAP;Netherlands;Lyra Health International Ltd;download;-;Desktop;Infosheet;Affirmations to Help Build Self-esteem;en;;Search;1;2026-07-01 - 2026-07-31
2026-07-01 00:00:00.000;SAP;SAP;Netherlands;Lyra Health International Ltd;download;-;Desktop;Infosheet;How to Prioritize Self-care;en;;Search;1;2026-07-01 - 2026-07-31
2026-07-01 00:00:00.000;SAP;SAP;Netherlands;Lyra Health International Ltd;download;-;Desktop;Infosheet;5 Lesser-known Signs of Stress;en;;Search;1;2026-07-01 - 2026-07-31
2026-07-01 00:00:00.000;SAP;SAP;Netherlands;Lyra Health International Ltd;download;-;Desktop;Video;Webinar Clip: Emotional Regulation;en;;Search;1;2026-07-01 - 2026-07-31
2026-07-01 00:00:00.000;SAP;SAP;Netherlands;Lyra Health International Ltd;download;-;Desktop;Video;Webinar Clip: The ADHD Iceberg;en;;Search;1;2026-07-01 - 2026-07-31
2026-07-01 00:00:00.000;SAP;SAP;Netherlands;Lyra Health International Ltd;download;-;Desktop;Infosheet;Creating A Wellbeing Routine Around Work Shifts;en;;Search;1;2026-07-01 - 2026-07-31
2026-07-01 00:00:00.000;SAP;SAP;Netherlands;Lyra Health International Ltd;download;-;Desktop;Infosheet;10 Benefits of Reducing Your Alcohol Intake;en;;Search;1;2026-07-01 - 2026-07-31
2026-07-01 00:00:00.000;SAP;SAP;Netherlands;Lyra Health International Ltd;download;-;Desktop;undefined;Staying Grounded During Life Changes;en;;News;1;2026-07-01 - 2026-07-31
2026-07-01 00:00:00.000;SAP;SAP;Netherlands;Lyra Health International Ltd;download;-;Desktop;Toolkit;Toolkit for Reducing Substance Use;en;;Search;1;2026-07-01 - 2026-07-31
2026-07-01 00:00:00.000;SAP;SAP;Netherlands;Lyra Health International Ltd;download;-;Desktop;undefined;How to Prioritize When Everything Feels Urgent;en;;News;1;2026-07-01 - 2026-07-31
2026-07-01 00:00:00.000;SAP;SAP;Netherlands;Lyra Health International Ltd;download;-;Desktop;Infosheet;Finding the Balance Between Health Goals and Self-Acceptance;en;;Search;1;2026-07-01 - 2026-07-31
2026-07-01 00:00:00.000;SAP;SAP;Netherlands;Lyra Health International Ltd;search;n/a;Desktop;-;-;-;;;2;2026-07-01 - 2026-07-31
2026-07-01 00:00:00.000;SAP;SAP;Netherlands;Lyra Health International Ltd;search;neurodiversity;Desktop;-;-;-;;;1;2026-07-01 - 2026-07-31
2026-07-01 00:00:00.000;SAP;SAP;Netherlands;Lyra Health International Ltd;view;-;Desktop;Toolkit;Neurodiversity at Work: A Guide for Managers;-;Neurodiversity;Search;1;2026-07-01 - 2026-07-31
2026-07-01 00:00:00.000;SAP;SAP;Netherlands;Lyra Health International Ltd;view;-;Desktop;Infosheet;Staying Grounded During Life Changes;-;Mental wellbeing,Grounding,Change;News;1;2026-07-01 - 2026-07-31
2026-07-01 00:00:00.000;SBDHUB22;Stanley Black & Decker;Mexico;Lyra Health International Ltd;download;-;Desktop;Poster;Use Case Poster - Relationship Problems;es_la;;Search;1;2026-07-01 - 2026-07-31
2026-07-01 00:00:00.000;SBDHUB22;Stanley Black & Decker;Mexico;Lyra Health International Ltd;download;-;Desktop;Poster;Use Case Poster - Relationship Problems;pt_br;;Search;1;2026-07-01 - 2026-07-31
2026-07-01 00:00:00.000;SBDHUB22;Stanley Black & Decker;Mexico;Lyra Health International Ltd;download;-;Desktop;Infosheet;Use Case Poster - Family Services;es_la;;Search;1;2026-07-01 - 2026-07-31
2026-07-01 00:00:00.000;SBDHUB22;Stanley Black & Decker;Mexico;Lyra Health International Ltd;search;n/a;Desktop;-;-;-;;;1;2026-07-01 - 2026-07-31
2026-07-01 00:00:00.000;SBDHUB22;Stanley Black & Decker;Mexico;Lyra Health International Ltd;view;-;Desktop;Infosheet;Use Case Poster - Family Services;-;Relationships;Search;1;2026-07-01 - 2026-07-31
2026-07-01 00:00:00.000;SBDHUB22;Stanley Black & Decker;Mexico;Lyra Health International Ltd;view;-;Desktop;Video;Lyra Wellbeing | Your EAP Service | Briefing Video;-;Lyra Wellbeing Services;Search;1;2026-07-01 - 2026-07-31
2026-07-01 00:00:00.000;SBDHUB22;Stanley Black & Decker;Mexico;Lyra Health International Ltd;view;-;Desktop;Poster;Use Case Poster - Relationship Problems;-;Relationships,Lyra Wellbeing Services;Search;1;2026-07-01 - 2026-07-31
2026-07-01 00:00:00.000;SBDHUB22;Stanley Black & Decker;Mexico;Lyra Health International Ltd;view;-;Desktop;Poster;Your Guide to Lyra Wellbeing Support Content;-;Lyra Wellbeing Services;Search;1;2026-07-01 - 2026-07-31
2026-07-01 00:00:00.000;SBDHUB22;Stanley Black & Decker;United Kingdom;Lyra Health International Ltd;download;-;Desktop;Infosheet;Types of Support Available to Help You Stop Smoking;en;;Search;2;2026-07-01 - 2026-07-31
2026-07-01 00:00:00.000;SBDHUB22;Stanley Black & Decker;United Kingdom;Lyra Health International Ltd;download;-;Desktop;Infosheet;The Effects of Tobacco and Smoking Products Infographics Poster;en;;Search;2;2026-07-01 - 2026-07-31
2026-07-01 00:00:00.000;SBDHUB22;Stanley Black & Decker;United Kingdom;Lyra Health International Ltd;download;-;Desktop;Infosheet;What Happens to Your Body When You Stop Smoking;en;;Search;2;2026-07-01 - 2026-07-31
2026-07-01 00:00:00.000;SBDHUB22;Stanley Black & Decker;United Kingdom;Lyra Health International Ltd;download;-;Desktop;Infosheet;8 Tips for Giving Up Smoking;en;;Search;1;2026-07-01 - 2026-07-31
2026-07-01 00:00:00.000;SBDHUB22;Stanley Black & Decker;United Kingdom;Lyra Health International Ltd;download;-;Desktop;Infosheet;How to Lower Your Risk of Type 2 Diabetes;en;;Search;1;2026-07-01 - 2026-07-31
2026-07-01 00:00:00.000;SBDHUB22;Stanley Black & Decker;United Kingdom;Lyra Health International Ltd;search;smoking;Desktop;-;-;-;;;3;2026-07-01 - 2026-07-31
2026-07-01 00:00:00.000;SBDHUB22;Stanley Black & Decker;United Kingdom;Lyra Health International Ltd;search;n/a;Desktop;-;-;-;;;3;2026-07-01 - 2026-07-31
2026-07-01 00:00:00.000;SBDHUB22;Stanley Black & Decker;United Kingdom;Lyra Health International Ltd;view;-;Desktop;Infosheet;How to Lower Your Risk of Type 2 Diabetes;-;Physical wellbeing,Diabetes;Search;1;2026-07-01 - 2026-07-31
2026-07-01 00:00:00.000;SBDHUB22;Stanley Black & Decker;United Kingdom;Lyra Health International Ltd;view;-;Desktop;Infosheet;The Effects of Tobacco and Smoking Products Infographics Poster;-;Physical wellbeing;Search;1;2026-07-01 - 2026-07-31
2026-07-01 00:00:00.000;SIEGWERK;Siegwerk;United States;Lyra Health International Ltd;download;-;Desktop;Infosheet;How to Find a Balance Between Work and Parenting;en;;Search;1;2026-07-01 - 2026-07-31
2026-07-01 00:00:00.000;SIEGWERK;Siegwerk;United States;Lyra Health International Ltd;download;-;Desktop;Infosheet;What is Forest Bathing?;en;;Search;1;2026-07-01 - 2026-07-31
2026-07-01 00:00:00.000;SIEGWERK;Siegwerk;United States;Lyra Health International Ltd;search;demands;Desktop;-;-;-;;;1;2026-07-01 - 2026-07-31
2026-07-01 00:00:00.000;SIEGWERK;Siegwerk;United States;Lyra Health International Ltd;search;n/a;Desktop;-;-;-;;;1;2026-07-01 - 2026-07-31
2026-07-01 00:00:00.000;SWAROVSKIHUB22;Swarovski;Germany;Lyra Health International Ltd;download;-;Desktop;Infosheet;A Manager’s Guide to Developing Team Resilience;en;;Search;1;2026-07-01 - 2026-07-31
2026-07-01 00:00:00.000;SWAROVSKIHUB22;Swarovski;Germany;Lyra Health International Ltd;download;-;Desktop;Infosheet;The 5 Whys of Creative Problem Solving;en;;Search;1;2026-07-01 - 2026-07-31
2026-07-01 00:00:00.000;SWAROVSKIHUB22;Swarovski;Germany;Lyra Health International Ltd;download;-;Desktop;Poster;Use Case Poster - Coping With Organizational Change;en;;Search;1;2026-07-01 - 2026-07-31
2026-07-01 00:00:00.000;SWAROVSKIHUB22;Swarovski;Germany;Lyra Health International Ltd;download;-;Desktop;Infosheet;What Is Your EAP?;en;;Search;1;2026-07-01 - 2026-07-31
2026-07-01 00:00:00.000;SWAROVSKIHUB22;Swarovski;Germany;Lyra Health International Ltd;download;-;Desktop;Infosheet;How to Create Your Account in the Lyra Wellbeing Hub;es_la;;Search;1;2026-07-01 - 2026-07-31
2026-07-01 00:00:00.000;SWAROVSKIHUB22;Swarovski;Germany;Lyra Health International Ltd;download;-;Desktop;Infosheet;How to Create Your Account in the Lyra Wellbeing Hub;pl;;Search;1;2026-07-01 - 2026-07-31
2026-07-01 00:00:00.000;SWAROVSKIHUB22;Swarovski;Germany;Lyra Health International Ltd;download;-;Desktop;Infosheet;How to Create Your Account in the Lyra Wellbeing Hub;de;;Search;1;2026-07-01 - 2026-07-31
2026-07-01 00:00:00.000;SWAROVSKIHUB22;Swarovski;Germany;Lyra Health International Ltd;download;-;Desktop;Infosheet;How to Create Your Account in the Lyra Wellbeing Hub;fr;;Search;1;2026-07-01 - 2026-07-31
2026-07-01 00:00:00.000;SWAROVSKIHUB22;Swarovski;Germany;Lyra Health International Ltd;download;-;Desktop;Infosheet;How to Create Your Account in the Lyra Wellbeing Hub;zh;;Search;1;2026-07-01 - 2026-07-31
2026-07-01 00:00:00.000;SWAROVSKIHUB22;Swarovski;Germany;Lyra Health International Ltd;download;-;Desktop;Infosheet;How to Create Your Account in the Lyra Wellbeing Hub;en;;Search;1;2026-07-01 - 2026-07-31
2026-07-01 00:00:00.000;SWAROVSKIHUB22;Swarovski;Germany;Lyra Health International Ltd;download;-;Desktop;Video;Lyra Wellbeing | Your EAP Service | Briefing Video;en;;Search;1;2026-07-01 - 2026-07-31
2026-07-01 00:00:00.000;SWAROVSKIHUB22;Swarovski;Germany;Lyra Health International Ltd;download;-;Desktop;Video;Mental health support: What happens when you contact Lyra?;en;;Search;1;2026-07-01 - 2026-07-31
2026-07-01 00:00:00.000;SWAROVSKIHUB22;Swarovski;Germany;Lyra Health International Ltd;search;n/a;Desktop;-;-;-;;;1;2026-07-01 - 2026-07-31
2026-07-01 00:00:00.000;SWAROVSKIHUB22;Swarovski;Germany;Lyra Health International Ltd;view;-;Desktop;Infosheet;How to Prioritize When Everything Feels Urgent;-;Prioritization,Change;News;1;2026-07-01 - 2026-07-31
2026-07-01 00:00:00.000;SWAROVSKIHUB22;Swarovski;Germany;Lyra Health International Ltd;view;-;Desktop;Infosheet;The 5 Whys of Creative Problem Solving;-;Problem solving;Search;1;2026-07-01 - 2026-07-31
2026-07-01 00:00:00.000;SWAROVSKIHUB22;Swarovski;Germany;Lyra Health International Ltd;view;-;Desktop;Infosheet;How to Create Your Account in the Lyra Wellbeing Hub;-;Lyra Wellbeing Services;Search;1;2026-07-01 - 2026-07-31
2026-07-01 00:00:00.000;SWAROVSKIHUB22;Swarovski;Germany;Lyra Health International Ltd;view;-;Desktop;Video;Lyra Wellbeing | Your EAP Service | Briefing Video;-;Lyra Wellbeing Services;Search;1;2026-07-01 - 2026-07-31
2026-07-01 00:00:00.000;SWAROVSKIHUB22;Swarovski;Germany;Lyra Health International Ltd;view;-;Desktop;Video;Mental health support: What happens when you contact Lyra?;-;;Search;1;2026-07-01 - 2026-07-31
2026-07-01 00:00:00.000;SWAROVSKIHUB22;Swarovski;Germany;Lyra Health International Ltd;view;-;Desktop;Infosheet;How to Build a Team Culture Where it’s Safe to Speak Up;-;Healthy workplace;Search;1;2026-07-01 - 2026-07-31
2026-07-01 00:00:00.000;SYLVAMO;Sylvamo;Poland;Lyra Health International Ltd;download;-;Desktop;Infosheet;30 Days of Financial Wellbeing;fr;;Search;1;2026-07-01 - 2026-07-31
2026-07-01 00:00:00.000;SYLVAMO;Sylvamo;Poland;Lyra Health International Ltd;download;-;Desktop;Infosheet;30 Days of Financial Wellbeing;en;;Search;1;2026-07-01 - 2026-07-31
2026-07-01 00:00:00.000;SYLVAMO;Sylvamo;Poland;Lyra Health International Ltd;download;-;Desktop;Infosheet;Perspective Shifts for Creative Problem Solving;fr;;Search;1;2026-07-01 - 2026-07-31
2026-07-01 00:00:00.000;SYLVAMO;Sylvamo;Poland;Lyra Health International Ltd;download;-;Desktop;Infosheet;Perspective Shifts for Creative Problem Solving;en;;Search;1;2026-07-01 - 2026-07-31
2026-07-01 00:00:00.000;SYLVAMO;Sylvamo;Poland;Lyra Health International Ltd;download;-;Desktop;Infosheet;The 5 Whys of Creative Problem Solving;fr;;Search;1;2026-07-01 - 2026-07-31
2026-07-01 00:00:00.000;SYLVAMO;Sylvamo;Poland;Lyra Health International Ltd;download;-;Desktop;Infosheet;The 5 Whys of Creative Problem Solving;en;;Search;1;2026-07-01 - 2026-07-31
2026-07-01 00:00:00.000;SYLVAMO;Sylvamo;Poland;Lyra Health International Ltd;search;n/a;Desktop;-;-;-;;;1;2026-07-01 - 2026-07-31
2026-07-01 00:00:00.000;SYLVAMO;Sylvamo;Poland;Lyra Health International Ltd;search;digital;Desktop;-;-;-;;;1;2026-07-01 - 2026-07-31
2026-07-01 00:00:00.000;SYLVAMO;Sylvamo;Poland;Lyra Health International Ltd;view;-;Desktop;Infosheet;30 Days of Financial Wellbeing;-;Financial wellbeing;Search;1;2026-07-01 - 2026-07-31
2026-07-01 00:00:00.000;SYLVAMO;Sylvamo;Poland;Lyra Health International Ltd;view;-;Desktop;Infosheet;Perspective Shifts for Creative Problem Solving;-;Problem solving;Search;1;2026-07-01 - 2026-07-31
2026-07-01 00:00:00.000;SYLVAMO;Sylvamo;Poland;Lyra Health International Ltd;view;-;Desktop;Infosheet;Understanding and Managing the Stress of Perimenopause;-;Physical wellbeing,Menopause,Women's Health;Search;1;2026-07-01 - 2026-07-31
2026-07-01 00:00:00.000;SYLVAMO;Sylvamo;Poland;Lyra Health International Ltd;view;-;Desktop;Infosheet;The 5 Whys of Creative Problem Solving;-;Problem solving;Search;1;2026-07-01 - 2026-07-31
2026-07-01 00:00:00.000;SYLVAMO;Sylvamo;Poland;Lyra Health International Ltd;view;-;Desktop;Video;Box Breathing for Stressful Moments;-;Stress;Search;1;2026-07-01 - 2026-07-31
2026-07-01 00:00:00.000;SYLVAMO;Sylvamo;Poland;Lyra Health International Ltd;view;-;Desktop;Infosheet;How to Prioritize When Everything Feels Urgent;-;Prioritization,Change;Search;1;2026-07-01 - 2026-07-31
2026-07-01 00:00:00.000;SYLVAMO;Sylvamo;Poland;Lyra Health International Ltd;view;-;Desktop;Infosheet;Tackling Constant Connectivity - How to Switch Off But Stay Connected;-;Mental wellbeing,Healthy workplace,Personal growth,Stress,Relationships;Search;1;2026-07-01 - 2026-07-31
2026-07-01 00:00:00.000;TELESPAZIO;TELESPAZIO;United Kingdom;Lyra Health International Ltd;download;-;Desktop;undefined;How to Prioritize When Everything Feels Urgent;es;;News;1;2026-07-01 - 2026-07-31
2026-07-01 00:00:00.000;TELESPAZIO;TELESPAZIO;United Kingdom;Lyra Health International Ltd;download;-;Desktop;undefined;How to Prioritize When Everything Feels Urgent;en;;News;1;2026-07-01 - 2026-07-31
2026-07-01 00:00:00.000;TELESPAZIO;TELESPAZIO;United Kingdom;Lyra Health International Ltd;download;-;Desktop;Infosheet;Staying Grounded During Life Changes;es;;News;1;2026-07-01 - 2026-07-31
2026-07-01 00:00:00.000;TELESPAZIO;TELESPAZIO;United Kingdom;Lyra Health International Ltd;download;-;Desktop;Infosheet;Staying Grounded During Life Changes;en;;News;1;2026-07-01 - 2026-07-31
2026-07-01 00:00:00.000;TELESPAZIO;TELESPAZIO;United Kingdom;Lyra Health International Ltd;search;n/a;Desktop;-;-;-;;;1;2026-07-01 - 2026-07-31
2026-07-01 00:00:00.000;TELESPAZIO;TELESPAZIO;United Kingdom;Lyra Health International Ltd;view;-;Desktop;Infosheet;Staying Grounded During Life Changes;-;Mental wellbeing,Grounding,Change;News;1;2026-07-01 - 2026-07-31
2026-07-01 00:00:00.000;TETRAPAK;Tetrapak;Netherlands;Lyra Health International Ltd;view;-;Desktop;Infosheet;Staying Grounded During Life Changes;-;Mental wellbeing,Grounding,Change;News;1;2026-07-01 - 2026-07-31
2026-07-01 00:00:00.000;TETRAPAK;Tetrapak;Netherlands;Lyra Health International Ltd;view;-;Desktop;Infosheet;How to Prioritize When Everything Feels Urgent;-;Prioritization,Change;home;1;2026-07-01 - 2026-07-31
2026-07-01 00:00:00.000;TETRAPAK;Tetrapak;Netherlands;Lyra Health International Ltd;view;-;Desktop;Infosheet;Staying Grounded During Life Changes;-;Mental wellbeing,Grounding,Change;home;1;2026-07-01 - 2026-07-31
2026-07-01 00:00:00.000;TMD;TMD Friction;United Kingdom;Lyra Health International Ltd;download;-;Desktop;Infosheet;8 Tips for Giving Up Smoking;en;;Search;1;2026-07-01 - 2026-07-31
2026-07-01 00:00:00.000;TMD;TMD Friction;United Kingdom;Lyra Health International Ltd;download;-;Desktop;Infosheet;10 Benefits of Reducing Your Alcohol Intake;en;;DirectEntry;1;2026-07-01 - 2026-07-31
2026-07-01 00:00:00.000;TMD;TMD Friction;United Kingdom;Lyra Health International Ltd;save;-;Desktop;-;-;-;;Search;1;2026-07-01 - 2026-07-31
2026-07-01 00:00:00.000;TMD;TMD Friction;United Kingdom;Lyra Health International Ltd;search;n/a;Desktop;-;-;-;;;2;2026-07-01 - 2026-07-31
2026-07-01 00:00:00.000;TMD;TMD Friction;United Kingdom;Lyra Health International Ltd;search;bereavement;Desktop;-;-;-;;;1;2026-07-01 - 2026-07-31
2026-07-01 00:00:00.000;TMD;TMD Friction;United Kingdom;Lyra Health International Ltd;search;alcohol;Desktop;-;-;-;;;2;2026-07-01 - 2026-07-31
2026-07-01 00:00:00.000;TMD;TMD Friction;United Kingdom;Lyra Health International Ltd;search;smoking;Desktop;-;-;-;;;1;2026-07-01 - 2026-07-31
2026-07-01 00:00:00.000;TMD;TMD Friction;United Kingdom;Lyra Health International Ltd;search;Drugs;Desktop;-;-;-;;;1;2026-07-01 - 2026-07-31
2026-07-01 00:00:00.000;TMD;TMD Friction;United Kingdom;Lyra Health International Ltd;search;Business card;Desktop;-;-;-;;;1;2026-07-01 - 2026-07-31
2026-07-01 00:00:00.000;TMD;TMD Friction;United Kingdom;Lyra Health International Ltd;search;drink;Desktop;-;-;-;;;1;2026-07-01 - 2026-07-31
2026-07-01 00:00:00.000;TMD;TMD Friction;United Kingdom;Lyra Health International Ltd;search;Alcohol awareness;Desktop;-;-;-;;;1;2026-07-01 - 2026-07-31
2026-07-01 00:00:00.000;TMD;TMD Friction;United Kingdom;Lyra Health International Ltd;search;Alcohol;Desktop;-;-;-;;;1;2026-07-01 - 2026-07-31
2026-07-01 00:00:00.000;TMD;TMD Friction;United Kingdom;Lyra Health International Ltd;view;-;Desktop;Toolkit;Neurodiversity at Work: A Guide for Managers;-;Neurodiversity;Search;1;2026-07-01 - 2026-07-31
2026-07-01 00:00:00.000;TMD;TMD Friction;United Kingdom;Lyra Health International Ltd;view;-;Desktop;Infosheet;Practical Tips to Help You Lead By Example;-;Healthy workplace,Management;Search;1;2026-07-01 - 2026-07-31
2026-07-01 00:00:00.000;TMD;TMD Friction;United Kingdom;Lyra Health International Ltd;view;-;Desktop;Infosheet;11 Tips to Help Reduce Your Alcohol Intake;-;Physical wellbeing,Mental wellbeing;Search;1;2026-07-01 - 2026-07-31
2026-07-01 00:00:00.000;TMD;TMD Friction;United Kingdom;Lyra Health International Ltd;view;-;Desktop;Infosheet;How to Prioritize Your Bone Health;-;Physical wellbeing;Search;1;2026-07-01 - 2026-07-31
2026-07-01 00:00:00.000;TMD;TMD Friction;United Kingdom;Lyra Health International Ltd;view;-;Desktop;Infosheet;Foods That May Encourage Good Sleep;-;Mental wellbeing,Physical wellbeing,Stress;Search;1;2026-07-01 - 2026-07-31
2026-07-01 00:00:00.000;TMD;TMD Friction;United Kingdom;Lyra Health International Ltd;view;-;Desktop;Poster;"August Webinar Invitation: ""Cheers"" to Connection and Belonging";-;Lyra Wellbeing Services;Search;1;2026-07-01 - 2026-07-31
2026-07-01 00:00:00.000;TMD;TMD Friction;United Kingdom;Lyra Health International Ltd;view;-;Desktop;Infosheet;10 Benefits of Reducing Your Alcohol Intake;-;Physical wellbeing,Mental wellbeing;Search;1;2026-07-01 - 2026-07-31
2026-07-01 00:00:00.000;TMD;TMD Friction;United Kingdom;Lyra Health International Ltd;view;-;Desktop;Infosheet;Coping with Grief After Loss;-;Mental wellbeing,Bereavement;Search;1;2026-07-01 - 2026-07-31
2026-07-01 00:00:00.000;TMD;TMD Friction;United Kingdom;Lyra Health International Ltd;view;-;Desktop;Infosheet;8 Tips for Giving Up Smoking;-;Physical wellbeing;Search;1;2026-07-01 - 2026-07-31
2026-07-01 00:00:00.000;TMD;TMD Friction;United Kingdom;Lyra Health International Ltd;view;-;Desktop;Infosheet;10 Benefits of Reducing Your Alcohol Intake;-;Physical wellbeing,Mental wellbeing;DirectEntry;1;2026-07-01 - 2026-07-31
2026-07-01 00:00:00.000;Unmapped;Unmapped;Botswana;Unmapped;download;-;Desktop;undefined;How to Prioritize When Everything Feels Urgent;en;;News;1;2026-07-01 - 2026-07-31
2026-07-01 00:00:00.000;Unmapped;Unmapped;Botswana;Unmapped;download;-;Desktop;undefined;Staying Grounded During Life Changes;en;;News;1;2026-07-01 - 2026-07-31
2026-07-01 00:00:00.000;Unmapped;Unmapped;Botswana;Unmapped;download;-;Desktop;Infosheet;5 Ways to Start a Conversation About Mental Health;en;;Search;1;2026-07-01 - 2026-07-31
2026-07-01 00:00:00.000;Unmapped;Unmapped;Botswana;Unmapped;search;n/a;Desktop;-;-;-;;;1;2026-07-01 - 2026-07-31
2026-07-01 00:00:00.000;Unmapped;Unmapped;Botswana;Unmapped;view;-;Desktop;Infosheet;Perspective Shifts for Creative Problem Solving;-;Problem solving;Search;1;2026-07-01 - 2026-07-31
2026-07-01 00:00:00.000;Unmapped;Unmapped;Botswana;Unmapped;view;-;Desktop;Infosheet;5 Ways to Start a Conversation About Mental Health;-;Mental wellbeing;Search;1;2026-07-01 - 2026-07-31
2026-07-01 00:00:00.000;Unmapped;Unmapped;Botswana;Unmapped;view;-;Desktop;Infosheet;The Emotional and Cultural Impact of Female Role Models;-;Mental wellbeing,Role models,Women;Search;1;2026-07-01 - 2026-07-31
2026-07-01 00:00:00.000;Unmapped;Unmapped;South Africa;Unmapped;download;-;Desktop;Infosheet;How to Help Your Children Cope With Bullying;en;;Search;1;2026-07-01 - 2026-07-31
2026-07-01 00:00:00.000;Unmapped;Unmapped;South Africa;Unmapped;download;-;Desktop;Infosheet;How Trauma Can Affect Our Physical and Mental Wellbeing;en;;Search;1;2026-07-01 - 2026-07-31
2026-07-01 00:00:00.000;Unmapped;Unmapped;South Africa;Unmapped;search;harassment;Desktop;-;-;-;;;1;2026-07-01 - 2026-07-31
2026-07-01 00:00:00.000;Unmapped;Unmapped;South Africa;Unmapped;search;BULLYING;Desktop;-;-;-;;;1;2026-07-01 - 2026-07-31
2026-07-01 00:00:00.000;Unmapped;Unmapped;South Africa;Unmapped;search;WORKPLACE BULLYING;Desktop;-;-;-;;;1;2026-07-01 - 2026-07-31
2026-07-01 00:00:00.000;Unmapped;Unmapped;South Africa;Unmapped;search;n/a;Desktop;-;-;-;;;4;2026-07-01 - 2026-07-31
2026-07-01 00:00:00.000;Unmapped;Unmapped;South Africa;Unmapped;search;fatigue;Desktop;-;-;-;;;1;2026-07-01 - 2026-07-31
2026-07-01 00:00:00.000;Unmapped;Unmapped;South Africa;Unmapped;search;fatigued;Desktop;-;-;-;;;1;2026-07-01 - 2026-07-31
2026-07-01 00:00:00.000;Unmapped;Unmapped;South Africa;Unmapped;search;tired;Desktop;-;-;-;;;1;2026-07-01 - 2026-07-31
2026-07-01 00:00:00.000;Unmapped;Unmapped;South Africa;Unmapped;search;faitigue;Desktop;-;-;-;;;1;2026-07-01 - 2026-07-31
2026-07-01 00:00:00.000;Unmapped;Unmapped;South Africa;Unmapped;search;exhausted;Desktop;-;-;-;;;1;2026-07-01 - 2026-07-31
2026-07-01 00:00:00.000;Unmapped;Unmapped;South Africa;Unmapped;search;exhaustion;Desktop;-;-;-;;;1;2026-07-01 - 2026-07-31
2026-07-01 00:00:00.000;Unmapped;Unmapped;South Africa;Unmapped;search;mental;Desktop;-;-;-;;;1;2026-07-01 - 2026-07-31
2026-07-01 00:00:00.000;Unmapped;Unmapped;South Africa;Unmapped;view;-;Desktop;Infosheet;Staying Grounded During Life Changes;-;Mental wellbeing,Grounding,Change;News;1;2026-07-01 - 2026-07-31
2026-07-01 00:00:00.000;Unmapped;Unmapped;South Africa;Unmapped;view;-;Desktop;Infosheet;How to Prioritize When Everything Feels Urgent;-;Prioritization,Change;News;1;2026-07-01 - 2026-07-31
2026-07-01 00:00:00.000;Unmapped;Unmapped;South Africa;Unmapped;view;-;Desktop;Infosheet;How to Help Your Children Cope With Bullying;-;Mental wellbeing,Diversity and inclusivity;Search;1;2026-07-01 - 2026-07-31
2026-07-01 00:00:00.000;Unmapped;Unmapped;South Africa;Unmapped;view;-;Desktop;Toolkit;Toolkit for Reducing Substance Use;-;Healthy workplace,Substance use,Substance;Search;1;2026-07-01 - 2026-07-31
2026-07-01 00:00:00.000;Unmapped;Unmapped;South Africa;Unmapped;view;-;Desktop;Infosheet;How Trauma Can Affect Our Physical and Mental Wellbeing;-;Mental wellbeing,Physical wellbeing;Search;1;2026-07-01 - 2026-07-31
2026-07-01 00:00:00.000;Unmapped;Unmapped;United Kingdom;Unmapped;download;-;Desktop;Infosheet;Flashcards for Back-to-School Nerves and Anxious Moments;en;;Search;1;2026-07-01 - 2026-07-31
2026-07-01 00:00:00.000;Unmapped;Unmapped;United Kingdom;Unmapped;download;-;Desktop;Infosheet;Coping with Grief After Loss;en;;Search;1;2026-07-01 - 2026-07-31
2026-07-01 00:00:00.000;Unmapped;Unmapped;United Kingdom;Unmapped;search;n/a;Desktop;-;-;-;;;3;2026-07-01 - 2026-07-31
2026-07-01 00:00:00.000;Unmapped;Unmapped;United Kingdom;Unmapped;search;pysical;Desktop;-;-;-;;;1;2026-07-01 - 2026-07-31
2026-07-01 00:00:00.000;Unmapped;Unmapped;United Kingdom;Unmapped;search;assault;Desktop;-;-;-;;;1;2026-07-01 - 2026-07-31
2026-07-01 00:00:00.000;Unmapped;Unmapped;United Kingdom;Unmapped;search;physical;Desktop;-;-;-;;;1;2026-07-01 - 2026-07-31
2026-07-01 00:00:00.000;Unmapped;Unmapped;United Kingdom;Unmapped;search;pain;Desktop;-;-;-;;;1;2026-07-01 - 2026-07-31
2026-07-01 00:00:00.000;Unmapped;Unmapped;United Kingdom;Unmapped;search;retirement;Desktop;-;-;-;;;1;2026-07-01 - 2026-07-31
2026-07-01 00:00:00.000;Unmapped;Unmapped;United Kingdom;Unmapped;search;older;Desktop;-;-;-;;;1;2026-07-01 - 2026-07-31
2026-07-01 00:00:00.000;Unmapped;Unmapped;United Kingdom;Unmapped;search;appreciate;Desktop;-;-;-;;;1;2026-07-01 - 2026-07-31
2026-07-01 00:00:00.000;Unmapped;Unmapped;United Kingdom;Unmapped;search;elderly;Desktop;-;-;-;;;1;2026-07-01 - 2026-07-31
2026-07-01 00:00:00.000;Unmapped;Unmapped;United Kingdom;Unmapped;search;parent;Desktop;-;-;-;;;1;2026-07-01 - 2026-07-31
2026-07-01 00:00:00.000;Unmapped;Unmapped;United Kingdom;Unmapped;search;juggling;Desktop;-;-;-;;;1;2026-07-01 - 2026-07-31
2026-07-01 00:00:00.000;Unmapped;Unmapped;United Kingdom;Unmapped;search;parenting;Desktop;-;-;-;;;1;2026-07-01 - 2026-07-31
2026-07-01 00:00:00.000;Unmapped;Unmapped;United Kingdom;Unmapped;search;holidays;Desktop;-;-;-;;;1;2026-07-01 - 2026-07-31
2026-07-01 00:00:00.000;Unmapped;Unmapped;United Kingdom;Unmapped;search;parent guilt;Desktop;-;-;-;;;1;2026-07-01 - 2026-07-31
2026-07-01 00:00:00.000;Unmapped;Unmapped;United Kingdom;Unmapped;search;school holidays;Desktop;-;-;-;;;1;2026-07-01 - 2026-07-31
2026-07-01 00:00:00.000;Unmapped;Unmapped;United Kingdom;Unmapped;search;guilt;Desktop;-;-;-;;;1;2026-07-01 - 2026-07-31
2026-07-01 00:00:00.000;Unmapped;Unmapped;United Kingdom;Unmapped;search;senior leader;Desktop;-;-;-;;;1;2026-07-01 - 2026-07-31
2026-07-01 00:00:00.000;Unmapped;Unmapped;United Kingdom;Unmapped;search;manager;Desktop;-;-;-;;;1;2026-07-01 - 2026-07-31
2026-07-01 00:00:00.000;Unmapped;Unmapped;United Kingdom;Unmapped;search;leader;Desktop;-;-;-;;;1;2026-07-01 - 2026-07-31
2026-07-01 00:00:00.000;Unmapped;Unmapped;United Kingdom;Unmapped;search;becoming a manager;Desktop;-;-;-;;;1;2026-07-01 - 2026-07-31
2026-07-01 00:00:00.000;Unmapped;Unmapped;United Kingdom;Unmapped;search;maternity;Desktop;-;-;-;;;1;2026-07-01 - 2026-07-31
2026-07-01 00:00:00.000;Unmapped;Unmapped;United Kingdom;Unmapped;search;pregnancy;Desktop;-;-;-;;;1;2026-07-01 - 2026-07-31
2026-07-01 00:00:00.000;Unmapped;Unmapped;United Kingdom;Unmapped;search;gratitude;Desktop;-;-;-;;;1;2026-07-01 - 2026-07-31
2026-07-01 00:00:00.000;Unmapped;Unmapped;United Kingdom;Unmapped;search;bereavement;Desktop;-;-;-;;;1;2026-07-01 - 2026-07-31
2026-07-01 00:00:00.000;Unmapped;Unmapped;United Kingdom;Unmapped;search;death;Desktop;-;-;-;;;1;2026-07-01 - 2026-07-31
2026-07-01 00:00:00.000;Unmapped;Unmapped;United Kingdom;Unmapped;search;legal;Desktop;-;-;-;;;1;2026-07-01 - 2026-07-31
2026-07-01 00:00:00.000;Unmapped;Unmapped;United Kingdom;Unmapped;search;cancer;Desktop;-;-;-;;;1;2026-07-01 - 2026-07-31
2026-07-01 00:00:00.000;Unmapped;Unmapped;United Kingdom;Unmapped;view;-;Desktop;Video;Box Breathing for Stressful Moments;-;Stress;Search;1;2026-07-01 - 2026-07-31
2026-07-01 00:00:00.000;Unmapped;Unmapped;United Kingdom;Unmapped;view;-;Desktop;Infosheet;Parental Guilt and Switching Off;-;Mental wellbeing,Parenting;Search;2;2026-07-01 - 2026-07-31
2026-07-01 00:00:00.000;Unmapped;Unmapped;United Kingdom;Unmapped;view;-;Desktop;Infosheet;Flashcards for Back-to-School Nerves and Anxious Moments;-;Mental wellbeing,Parenting;Search;1;2026-07-01 - 2026-07-31
2026-07-01 00:00:00.000;Unmapped;Unmapped;United Kingdom;Unmapped;view;-;Desktop;Infosheet;How to Find a Balance Between Work and Parenting;-;Mental wellbeing,Parenting;Search;1;2026-07-01 - 2026-07-31
2026-07-01 00:00:00.000;Unmapped;Unmapped;United Kingdom;Unmapped;view;-;Desktop;Infosheet;How to Relax Without Feeling Guilty;-;Mental wellbeing;Search;1;2026-07-01 - 2026-07-31
2026-07-01 00:00:00.000;Unmapped;Unmapped;United Kingdom;Unmapped;view;-;Desktop;Infosheet;How to Support Someone Through Change as a People Leader;-;Healthy workplace;Search;1;2026-07-01 - 2026-07-31
2026-07-01 00:00:00.000;Unmapped;Unmapped;United Kingdom;Unmapped;view;-;Desktop;Infosheet;How to be an Effective Manager;-;Mental wellbeing,Healthy workplace;Search;1;2026-07-01 - 2026-07-31
2026-07-01 00:00:00.000;Unmapped;Unmapped;United Kingdom;Unmapped;view;-;Desktop;Infosheet;7 Tips for First-time People Managers;-;Healthy workplace,Mental wellbeing,Lyra Wellbeing Services;Search;1;2026-07-01 - 2026-07-31
2026-07-01 00:00:00.000;Unmapped;Unmapped;United Kingdom;Unmapped;view;-;Desktop;Infosheet;How to Build Your Confidence as a Manager;-;Healthy workplace,Mental wellbeing,Personal growth;Search;1;2026-07-01 - 2026-07-31
2026-07-01 00:00:00.000;Unmapped;Unmapped;United Kingdom;Unmapped;view;-;Desktop;Infosheet;Practical Tips to Help You Lead By Example;-;Healthy workplace,Management;Search;1;2026-07-01 - 2026-07-31
2026-07-01 00:00:00.000;Unmapped;Unmapped;United Kingdom;Unmapped;view;-;Desktop;Infosheet;How to Give Feedback Effectively;-;Healthy workplace,Management;Search;1;2026-07-01 - 2026-07-31
2026-07-01 00:00:00.000;Unmapped;Unmapped;United Kingdom;Unmapped;view;-;Desktop;Infosheet;Coping With the Loss of a Pregnancy;-;Mental wellbeing;Search;1;2026-07-01 - 2026-07-31
2026-07-01 00:00:00.000;Unmapped;Unmapped;United Kingdom;Unmapped;view;-;Desktop;Infosheet;How to Manage Stress During Pregnancy;-;Mental wellbeing;Search;1;2026-07-01 - 2026-07-31
2026-07-01 00:00:00.000;Unmapped;Unmapped;United Kingdom;Unmapped;view;-;Desktop;Infosheet;Staying Healthy After Retirement;-;Mental wellbeing,Physical wellbeing,Nutrition,Healthy workplace;Search;1;2026-07-01 - 2026-07-31
2026-07-01 00:00:00.000;Unmapped;Unmapped;United Kingdom;Unmapped;view;-;Desktop;Infosheet;Adjusting to Life After Retirement;-;Mental wellbeing,Physical wellbeing,Healthy workplace;Search;1;2026-07-01 - 2026-07-31
2026-07-01 00:00:00.000;Unmapped;Unmapped;United Kingdom;Unmapped;view;-;Desktop;Infosheet;Coping with Grief After Loss;-;Mental wellbeing,Bereavement;Search;1;2026-07-01 - 2026-07-31
2026-07-01 00:00:00.000;Unmapped;Unmapped;United Kingdom;Unmapped;view;-;Desktop;Infosheet;Coping with Grief After Loss;-;Mental wellbeing,Bereavement;DirectEntry;1;2026-07-01 - 2026-07-31
2026-07-01 00:00:00.000;Unmapped;Unmapped;United Kingdom;Unmapped;view;-;Desktop;Infosheet;Understanding and Preventing Absenteeism;-;Absenteeism;Search;1;2026-07-01 - 2026-07-31
2026-07-01 00:00:00.000;Unmapped;Unmapped;United Kingdom;Unmapped;view;-;Desktop;Infosheet;Common Myths About Cancer;-;Physical wellbeing,Cancer;Search;1;2026-07-01 - 2026-07-31
2026-07-01 00:00:00.000;Unmapped;Unmapped;United Kingdom;Unmapped;view;-;Desktop;Infosheet;10 Benefits of Reducing Your Alcohol Intake;-;Physical wellbeing,Mental wellbeing;Search;1;2026-07-01 - 2026-07-31
2026-07-01 00:00:00.000;Unmapped;Unmapped;United Kingdom;Unmapped;view;-;Desktop;Infosheet;The 5 Whys of Creative Problem Solving;-;Problem solving;Search;1;2026-07-01 - 2026-07-31
2026-07-01 00:00:00.000;VOd001;Unmapped;South Africa;Unmapped;download;-;Desktop;Infosheet;5 Ways to Start a Conversation About Mental Health;en;;Search;1;2026-07-01 - 2026-07-31
2026-07-01 00:00:00.000;VOd001;Unmapped;South Africa;Unmapped;download;-;Desktop;Infosheet;Signs Someone May Be Struggling With Their Mental Health;en;;Search;1;2026-07-01 - 2026-07-31
2026-07-01 00:00:00.000;VOd001;Unmapped;South Africa;Unmapped;search;n/a;Desktop;-;-;-;;;1;2026-07-01 - 2026-07-31
2026-07-01 00:00:00.000;VOd001;Unmapped;South Africa;Unmapped;search;mental health;Desktop;-;-;-;;;1;2026-07-01 - 2026-07-31
2026-07-01 00:00:00.000;VOd001;Unmapped;South Africa;Unmapped;view;-;Desktop;Infosheet;5 Ways to Start a Conversation About Mental Health;-;Mental wellbeing;Search;1;2026-07-01 - 2026-07-31
2026-07-01 00:00:00.000;VOd001;Unmapped;South Africa;Unmapped;view;-;Desktop;Infosheet;How to Prioritize When Everything Feels Urgent;-;Prioritization,Change;Search;1;2026-07-01 - 2026-07-31
2026-07-01 00:00:00.000;VOd001;Unmapped;South Africa;Unmapped;view;-;Desktop;Poster;Mental Health Awareness Month: How Are You Doing?;-;Mental wellbeing;Search;1;2026-07-01 - 2026-07-31
2026-07-01 00:00:00.000;VOd001;Unmapped;South Africa;Unmapped;view;-;Desktop;Infosheet;How to Prioritize Your Bone Health;-;Physical wellbeing;Search;1;2026-07-01 - 2026-07-31
2026-07-01 00:00:00.000;VOd001;Unmapped;South Africa;Unmapped;view;-;Desktop;Infosheet;Signs Someone May Be Struggling With Their Mental Health;-;Mental wellbeing,Relationships;Search;1;2026-07-01 - 2026-07-31
2026-07-01 00:00:00.000;VOd001;Unmapped;South Africa;Unmapped;view;-;Desktop;Infosheet;Staying Grounded During Life Changes;-;Mental wellbeing,Grounding,Change;Search;1;2026-07-01 - 2026-07-31
2026-07-01 00:00:00.000;VTTIHEALTH;VTTI;Netherlands;Lyra Health International Ltd;download;-;Desktop;Infosheet;How to Prioritize When Everything Feels Urgent;nl;;News;1;2026-07-01 - 2026-07-31
2026-07-01 00:00:00.000;VTTIHEALTH;VTTI;Netherlands;Lyra Health International Ltd;download;-;Desktop;Infosheet;How to Prioritize When Everything Feels Urgent;es_la;;News;1;2026-07-01 - 2026-07-31
2026-07-01 00:00:00.000;VTTIHEALTH;VTTI;Netherlands;Lyra Health International Ltd;download;-;Desktop;Infosheet;How to Prioritize When Everything Feels Urgent;en;;News;1;2026-07-01 - 2026-07-31
2026-07-01 00:00:00.000;VTTIHEALTH;VTTI;Netherlands;Lyra Health International Ltd;search;n/a;Desktop;-;-;-;;;1;2026-07-01 - 2026-07-31
2026-07-01 00:00:00.000;VTTIHEALTH;VTTI;Netherlands;Lyra Health International Ltd;view;-;Desktop;Infosheet;How to Prioritize When Everything Feels Urgent;-;Prioritization,Change;News;1;2026-07-01 - 2026-07-31
2026-07-01 00:00:00.000;WECARE;DS Smith;United Kingdom;Lyra Health International Ltd;download;-;Desktop;Infosheet;Staying Grounded During Life Changes;cs;;News;1;2026-07-01 - 2026-07-31
2026-07-01 00:00:00.000;WECARE;DS Smith;United Kingdom;Lyra Health International Ltd;download;-;Desktop;Infosheet;How to Prioritize When Everything Feels Urgent;cs;;News;1;2026-07-01 - 2026-07-31
2026-07-01 00:00:00.000;WECARE;DS Smith;United Kingdom;Lyra Health International Ltd;view;-;Desktop;Infosheet;Staying Grounded During Life Changes;-;Mental wellbeing,Grounding,Change;News;1;2026-07-01 - 2026-07-31
2026-07-01 00:00:00.000;WECARE;DS Smith;United Kingdom;Lyra Health International Ltd;view;-;Desktop;Infosheet;How to Prioritize When Everything Feels Urgent;-;Prioritization,Change;News;1;2026-07-01 - 2026-07-31
2026-07-01 00:00:00.000;WHI002;Whitehead Scientific Pty Ltd;South Africa;Lyra Southern Africa Pty Ltd;download;-;Desktop;Infosheet;Practical Tips to Help You Lead By Example;en;;Search;1;2026-07-01 - 2026-07-31
2026-07-01 00:00:00.000;WHI002;Whitehead Scientific Pty Ltd;South Africa;Lyra Southern Africa Pty Ltd;download;-;Desktop;Infosheet;How to Give Feedback Effectively;en;;Search;1;2026-07-01 - 2026-07-31
2026-07-01 00:00:00.000;WHI002;Whitehead Scientific Pty Ltd;South Africa;Lyra Southern Africa Pty Ltd;download;-;Desktop;undefined;Staying Grounded During Life Changes;en;;News;1;2026-07-01 - 2026-07-31
2026-07-01 00:00:00.000;WHI002;Whitehead Scientific Pty Ltd;South Africa;Lyra Southern Africa Pty Ltd;download;-;Desktop;undefined;How to Prioritize When Everything Feels Urgent;en;;News;1;2026-07-01 - 2026-07-31
2026-07-01 00:00:00.000;WHI002;Whitehead Scientific Pty Ltd;South Africa;Lyra Southern Africa Pty Ltd;search;n/a;Desktop;-;-;-;;;1;2026-07-01 - 2026-07-31
2026-07-01 00:00:00.000;WHI002;Whitehead Scientific Pty Ltd;South Africa;Lyra Southern Africa Pty Ltd;view;-;Desktop;Infosheet;How to Give Feedback Effectively;-;Healthy workplace,Management;Search;1;2026-07-01 - 2026-07-31
2026-07-01 00:00:00.000;WHI002;Whitehead Scientific Pty Ltd;South Africa;Lyra Southern Africa Pty Ltd;view;-;Desktop;Infosheet;Helping an Employee Through Substance Use Issues;-;Substance use,Addiction,Healthy workplace;Search;1;2026-07-01 - 2026-07-31
2026-07-01 00:00:00.000;WHI002;Whitehead Scientific Pty Ltd;South Africa;Lyra Southern Africa Pty Ltd;view;-;Desktop;Infosheet;Practical Tips to Help You Lead By Example;-;Healthy workplace,Management;Search;1;2026-07-01 - 2026-07-31
2026-07-01 00:00:00.000;WHSMITH;WH Smith;Ireland;Lyra;search;n/a;Desktop;-;-;-;;;1;2026-07-01 - 2026-07-31
2026-07-01 00:00:00.000;WHSMITH;WH Smith;United Kingdom;Lyra;download;-;Desktop;Infosheet;LGBTQIA+ Affirming Care With Lyra;en;;Search;1;2026-07-01 - 2026-07-31
2026-07-01 00:00:00.000;WHSMITH;WH Smith;United Kingdom;Lyra;download;-;Desktop;Infosheet;A Manager’s Guide to Developing Team Resilience;en;;Search;1;2026-07-01 - 2026-07-31
2026-07-01 00:00:00.000;WHSMITH;WH Smith;United Kingdom;Lyra;download;-;Desktop;Infosheet;Lyra Wellbeing Content Catalogue for International Events;en;;Search;1;2026-07-01 - 2026-07-31
2026-07-01 00:00:00.000;WHSMITH;WH Smith;United Kingdom;Lyra;save;-;Desktop;-;-;-;;Search;1;2026-07-01 - 2026-07-31
2026-07-01 00:00:00.000;WHSMITH;WH Smith;United Kingdom;Lyra;search;n/a;Desktop;-;-;-;;;3;2026-07-01 - 2026-07-31
2026-07-01 00:00:00.000;WHSMITH;WH Smith;United Kingdom;Lyra;view;-;Desktop;Infosheet;Staying Grounded During Life Changes;-;Mental wellbeing,Grounding,Change;home;1;2026-07-01 - 2026-07-31
2026-07-01 00:00:00.000;ZOETIS;Zoetis;Ireland;Lyra Health International Ltd;search;n/a;Desktop;-;-;-;;;1;2026-07-01 - 2026-07-31
